Attr0,Attr1,Attr2,Attr3,Attr4,Attr6,Attr7,class
0,0.605893631202545,0.4779173311717631,0.17697806911318534,1.147605028183655,0.21811216217677434,0.3914640326328133,1
2,0.6318965539047601,0.5386121989451799,0.14896854901042725,1.5426830547980328,0.24759794313018058,0.375660306959323,0
0,0.5956936937630142,0.47275545860571,0.15655044591093753,1.0379200737641452,0.20992255508929136,0.2191504638840532,0
2,0.5866853381637807,0.4812199679330194,0.16738661216073478,1.0037118002643193,0.20570267840845619,0.3169429838772191,1
0,0.5957627044526455,0.4889432056358231,0.16194769672986148,1.113876925012588,0.23647970471564755,0.2938390988416087,1
1,0.6512115501080976,0.5063045312865836,0.15965713969263368,1.0071635643804684,0.16300270284417034,0.29791811547509306,1
0,0.6020535247829287,0.4525159786900784,0.1327694758140587,0.7778222273813994,0.18544511485328583,0.24684755159174276,0
0,0.5559717516218348,0.44676304004310236,0.14848226149530888,1.0031909874566094,0.15975720681527603,0.3109384832283123,1
0,0.5871762216374383,0.4591271612655074,0.17021577248189768,1.0258502889296328,0.205840235040744,0.25663135293971034,1
2,0.5060141918281719,0.3895029857883119,0.17082130599144907,0.9911636150193442,0.12740122916732635,0.3197195579922918,1
0,0.5806955775528715,0.4691220639358825,0.1945447125917473,1.2925130194969265,0.21243925653693158,0.2634913654939878,1
2,0.5030117933202752,0.40045877753212217,0.16603285938278034,0.7654018733802892,0.1713429510094699,0.255721085924082,1
0,0.3709956720563398,0.3687697118946015,0.10932081090026814,0.27117169334080365,0.07867302496074915,0.10086117831380223,0
2,0.6799719603333877,0.5584918768296617,0.19776029841852777,1.8978060877001928,0.3978718815570394,0.5158345439496967,1
2,0.508470964174111,0.39717658298425745,0.16402078729006112,0.7440711523779339,0.16781228691272387,0.23895787169986824,1
2,0.5253673899909798,0.41122531821430275,0.16278117946079002,0.7311306706513153,0.13612268654367016,0.24976219895838167,0
2,0.5602185578972271,0.41699251950852834,0.141558783548182,0.7736872954391982,0.16462686283458422,0.22748431273642566,0
2,0.5439221449577802,0.2774759146339445,0.16092680803128298,0.9742402293636278,0.25726284071668826,0.31468647548647183,1
2,0.571694750702118,0.4032426075588887,0.1603680545684653,0.8549198904913833,0.15128280301861746,0.3280349124875568,1
2,0.6361988784528688,0.5272195330033164,0.16000191237522687,1.0501820146888143,0.261493533462539,0.3324364547365478,0
1,0.6364764585450914,0.48594758717379355,0.13732298821228942,1.275419408677396,0.29990635659620296,0.33207680741602585,0
0,0.4229863240377192,0.31841242159730004,0.10953273769406294,0.24649542858143458,0.04631423579492068,0.08144998902040955,0
0,0.673884576674121,0.5373840369791982,0.17575846493919559,1.8036651381690985,0.36158197585963003,0.4273804342384536,1
2,0.5550799555304247,0.4389886678303615,0.14144144625682603,0.9562618002550963,0.24618772261134533,0.32418846730955353,0
0,0.581658599564516,0.513650313910956,0.18426059630619848,1.426725004183577,0.19665736458849586,0.37807609150920507,1
2,0.5284896459601494,0.401125640760224,0.16222490376599197,0.7201743517210857,0.1576200741369564,0.24214731299996273,0
2,0.6086957768778728,0.48401739746746225,0.19517673084668363,1.390645886635041,0.3145256828942744,0.339451701553002,0
2,0.5354697847191565,0.4426237859490937,0.13031783101083277,0.9601904477602694,0.23634057632484934,0.335308318420051,0
1,0.4966279643021298,0.3641338526704513,0.11912530785124123,0.40997011252207743,0.0728252351142838,0.13083715480490404,0
0,0.6160852205841124,0.5017277792618563,0.17759981258245236,0.9939112337782668,0.24219946568428974,0.3205282785749075,1
2,0.4595006595079058,0.3963350453625756,0.09832748468289755,0.434897967174608,0.0639464590072051,0.07912910094173169,0
1,0.5197539395746739,0.38340929718602046,0.12176925743906034,0.33660619831023986,0.14020656966867925,0.11924209892906734,0
2,0.620778985697621,0.4953395750726928,0.16184056931368232,1.0445360266582606,0.2376598481936676,0.3276939003188375,0
0,0.28753255884188705,0.12208921195733674,0.07968834053745699,0.23561822942211122,-0.008891859600606573,0.03272362656442256,0
2,0.669526396490852,0.5662675563327144,0.20383818035751902,1.7591947971901623,0.4370846584025402,0.5457628154292199,0
1,0.24320142196095323,0.23146546757965666,0.08107794998860623,0.09210593280429222,0.020795752131933132,0.016237717767173143,0
0,0.5845187970426744,0.46393250111741935,0.1443889284987654,0.6695442950958744,0.2023759855384227,0.2601627241301017,0
2,0.5467381436096534,0.4505722902855361,0.17875567156867184,1.000070147507611,0.24964892015303777,0.33170018720027555,0
2,0.6057282393883473,0.4796905931117233,0.20229136042927923,1.3240380118245239,0.31726727786468906,0.3784453568954705,1
1,0.460901019245458,0.4224923474408283,0.10822201522122012,0.5090783331501948,0.10897939430093896,0.13632783601025947,0
2,0.5767630236246933,0.4863691050106622,0.16450533887787303,0.9920334398483363,0.21025679713631515,0.3030214398726334,1
0,0.5982991649151638,0.4587892480594904,0.1642138296528846,0.9943974464017655,0.20306236462685992,0.23229727391892782,0
2,0.6342442775386651,0.5021906918314984,0.1802279414876041,1.4126008127209162,0.3046928814910911,0.37359483940355015,1
0,0.4937731544610121,0.4199024447138191,0.16588190502249495,1.0649609629269128,0.1967471597768962,0.32698537081719903,1
0,0.4762182415043395,0.4196062021263449,0.14248255080690173,0.6943124809401662,0.1708752602088973,0.09764485275354234,0
0,0.5638094523740643,0.4615913794870996,0.1637129443989662,0.8778285775007583,0.1625213449838564,0.2888907729334144,0
1,0.2590580173996008,0.2170019066984568,0.08619561275851365,0.005154835183155848,0.06361786617358864,0.030785964793955616,0
0,0.5546842001635401,0.4765937903309263,0.13211792561896643,0.8195500338057939,0.17061096251722763,0.3187432578679767,0
2,0.6316633704296076,0.5202196861975931,0.18195140266372298,1.3950796486213997,0.308632390531133,0.38258511378082577,1
0,0.6090301509770467,0.5232655259234508,0.1612449061737401,1.0687999976488554,0.2456798295983439,0.2908433660599225,0
0,0.6217552724431017,0.5243655838194683,0.1763845669858767,1.4425928754155497,0.22191197879902483,0.3795194896340528,0
1,0.5616176663089253,0.42192576231741025,0.08865049027139556,0.9474514896371455,0.16711596165884818,0.23526068919339288,0
0,0.5345495802408246,0.4231055682368875,0.12598513039408987,0.842294117723518,0.18222198164097841,0.15489436417421948,0
0,0.587966881802101,0.4699156098617748,0.17621814219738605,0.994191319231654,0.20200777483501292,0.34690900295096977,1
1,0.4577473453317418,0.3613373062645866,0.10618182372046026,0.49277975165309895,0.12400133098459896,0.1407741661942751,0
1,0.2808627575620049,0.2039422131415374,0.06762785628590734,-0.04198010468179855,0.018518524034307482,0.031153850130320508,0
0,0.5274413622001926,0.38523813227097975,0.14378001996253975,0.7158144437096536,0.13888243929956018,0.2306486943480352,1
0,0.5443631618421193,0.44584495626646886,0.15261570557079993,1.0030762233910704,0.2645285301634557,0.2970653880348626,1
1,0.44533643383514143,0.18126316474670717,0.08782475346397892,0.16898799313460106,0.04559309314846284,0.011376251202971116,0
0,0.4999620182575534,0.31165580394556697,0.09574289137177479,0.4106407605860761,0.09471351776705758,0.07688500691418226,0
2,0.29141608326732943,0.182004880814681,0.09103103934867478,0.3754515036873399,0.08282113964794705,-0.0027767676908670297,0
0,0.5764368180557755,0.43865506207787663,0.14148281075158864,1.1310128553371164,0.2229012029391299,0.23066071954794845,0
0,0.5180122699583566,0.39879167107018804,0.1746287647644852,0.9837834293034132,0.20091748280894928,0.3358602560667854,1
2,0.62671931617615,0.4940777828399079,0.19453674864989187,1.3106961681435394,0.28998748589647305,0.4045926297859336,0
0,0.4853636390371573,0.3468990681899262,0.11637343955463146,0.4584421022518288,0.08043946364030505,0.11489611611890595,0
2,0.5315967522727738,0.3946097887395032,0.14170720704883796,0.976045445354125,0.20675690187417017,0.24353665347215128,1
2,0.5214027102624033,0.40150104975764606,0.14226770513237405,0.7775559312729725,0.14054605982611845,0.21273163243106774,1
2,0.5147711858965657,0.39846842990908976,0.16150609524010134,0.9777568615825395,0.2520372768698537,0.22707647960536437,1
2,0.5136548022194806,0.39454291447619694,0.15438386491657685,0.3319010038837622,0.12671253655538456,0.12387055684261589,0
0,0.601735332073506,0.47679819601200024,0.17573221840116285,1.0092919184307008,0.20873455591867815,0.28070866901910196,0
0,0.596312421849167,0.4814222087799215,0.16034568281569225,0.9748353927579484,0.24456464105034553,0.23826970361186192,1
2,0.487036883858062,0.2965132989061574,0.17950329095931733,1.4459795121995014,0.3173730558526149,0.39961880920971093,0
1,0.47095910852427,0.39505122574559076,0.11607453227865223,0.28775926661497864,0.0818915390575095,0.13441816320276104,1
0,0.5208505212568949,0.4465539679600212,0.16038919347080785,0.9175291501976125,0.2069838867308969,0.22697986968984885,0
2,0.33475988112952765,0.2958292646589301,0.08521970178341483,0.25677966249623924,0.10206875624449549,-0.04600229741539591,0
0,0.6874935926083092,0.5537222456289901,0.19572505391595474,1.4928179617557225,0.41479794105500983,0.47576404263335353,1
2,0.6308647317870602,0.47051273028388024,0.1469991202974351,1.1915399197241006,0.2460147017989154,0.31920222049759395,0
2,0.5830502258651921,0.46419149621844386,0.16001982638546156,0.9776305389145614,0.17986757591309882,0.2519811028211435,1
0,0.7046144053575287,0.5472130299074295,0.19733912297246595,1.4944156839860987,0.3144643050716929,0.4834926461035838,1
1,0.5650550817702121,0.42577013089457744,0.1667592741466787,0.9411922472253761,0.20257237886759827,0.3294390940403076,0
2,0.488879084210695,0.31416382195168213,0.06687667178988775,0.43050295725060406,0.06193303474032959,0.1050687588266004,0
2,0.5504894511796278,0.439263319200891,0.17252995345186486,1.0311909954120395,0.238504845524702,0.32869338827631245,1
1,0.379903944704876,0.23758038012214283,0.12543531455310078,0.33627548043698985,0.05263072950189484,-0.0011711509976521511,0
2,0.7176937246063076,0.553143556961794,0.20439502644141813,1.821560055629368,0.46603818814411785,0.5438055578227199,1
2,0.5442049762828823,0.5029348767949174,0.15884599822009432,0.995452114404911,0.24371794597929503,0.33342398963796704,1
0,0.5932963604338637,0.4675247318816574,0.16246414879381418,0.7916127346359996,0.18488569319384845,0.2528400793561244,1
0,0.5008879763222948,0.3960626090207895,0.16800528778316715,0.8227377018052022,0.13021644835817353,0.2465466124812878,1
0,0.5225867695656033,0.47391488139243754,0.16444948031840192,0.6850470655594565,0.2148178433719934,0.25716310062501546,0
0,0.590439080370139,0.47145690746217633,0.14775840864200382,1.0205844468399896,0.22812697354533107,0.29308879493600154,0
0,0.559799551061002,0.4401402200611352,0.17960365697341418,1.0364418523062922,0.23471539416145976,0.3380827117726622,0
2,0.650552043389214,0.4816213543986059,0.15749770900269475,0.7584001443321248,0.1666268001474159,0.2748324653211949,1
0,0.6348325171857643,0.5132778060295964,0.1444118331313778,1.414913468790402,0.2119160369842293,0.3880605854707022,0
0,0.39352542643944793,0.1971754238660466,0.08999447268635054,0.3581818625579952,0.0548305735105818,-0.004306560872245527,0
0,0.65389299692596,0.5118348769612069,0.16740173062067754,1.4221986583757265,0.2845747310771133,0.27798274540596357,0
2,0.6249730789947292,0.4843057522490357,0.15458552328000155,1.1613962706801952,0.2334209594077575,0.3513770003266386,0
2,0.5910909469741634,0.4963698530158317,0.19656292724687802,1.5516203665365143,0.17474176083019377,0.3413912437864164,1
0,0.5956255110701787,0.4455872777653696,0.16382679175424866,0.8240864637669997,0.1436753773425144,0.29131383767608326,1
0,0.688479196120705,0.5196910715468035,0.17710060262986813,1.7731826446172396,0.37592334728075405,0.41679474237198333,1
0,0.6822265325292962,0.564496585337742,0.19981988783745094,1.8213261038080168,0.401067106725852,0.4858783176485408,1
1,0.28942699704759234,0.33946720902305483,0.04522388499867529,0.13209437576054556,0.008384782817022013,0.062149599153954044,0
0,0.6230820683470849,0.504744367728219,0.1620376262571757,0.9994529325902483,0.25033005386335183,0.2973169232330625,1
1,0.5950432653350327,0.4449496338136551,0.19146063956579112,1.2607191398620579,0.3162449445308966,0.328920568164083,0
0,0.581383716590588,0.4565011715581718,0.1640148531028262,0.9968989528417653,0.24701226181131014,0.20506040602441813,1
0,0.6509763032357722,0.5122909687393123,0.1612804810014261,1.0222943805304125,0.23512813939895433,0.3393586440560261,0
2,0.5959510524732226,0.47335927467017913,0.13925383873467584,1.0012602865714177,0.17578226659593268,0.22819182121051917,0
0,0.5557303883399582,0.4532954931861486,0.1518433063451271,0.9835425130344082,0.20225489168334282,0.3096528277515741,0
0,0.49781141494856807,0.4126107792124599,0.11503802556388754,0.6126442444306004,0.10756956552126329,0.13033713666050217,0
0,0.5430615853992791,0.45038530894421014,0.151153942223733,0.9950691976729388,0.19684360538981174,0.22796921411427684,0
0,0.3809189158818852,0.33006642982807594,0.09984354448564586,0.30709441086451045,0.12138589156244993,0.023326264484971666,0
0,0.5901148374245256,0.44511672948689834,0.1780237168469987,1.0633317137863563,0.19863281110877934,0.32548438258316387,1
0,0.5730474186624381,0.4288751770344665,0.13614577881807371,1.1005882693616795,0.22832480964033547,0.21760384834685842,0
1,0.5213983551110901,0.37875625239363514,0.16976933166908584,0.644779092111319,0.20150466426736974,0.26195222840056853,0
1,0.6576207616100352,0.4986502499086473,0.13959239140884114,1.2313576276578253,0.0635745334831555,0.24896930207586532,0
2,0.5214698130714603,0.4004945446517768,0.1605265842418657,0.716043445454601,0.14288285249309354,0.22646899056832415,1
2,0.6461632308279207,0.5215706802647709,0.15859311137390428,1.0282891656415298,0.23190671670510102,0.28358332099864036,1
2,0.5806385777830871,0.5230188508202772,0.19361497883865367,1.4624725781599004,0.3038078695895646,0.30993679098530874,1
0,0.4280176372565359,0.22664620124730986,0.10320075067587575,0.07791833543957011,0.10889622352706617,0.06368171616063509,0
1,0.5464414601747538,0.4309903679107595,0.12513054876047314,0.6564422895983071,0.14602930967371078,0.140023118427214,0
0,0.5037133276620872,0.43101528326110844,0.16645535410841997,1.0553482021400309,0.20748335736136908,0.32253926490074053,1
0,0.6858288944272654,0.5457028083305497,0.2008783836608602,1.5632829093544034,0.31993016094189236,0.4856031465792967,1
0,0.586781981668904,0.4729800499908181,0.17694240285361215,0.9735371311778216,0.2036592104617754,0.27218570575251855,1
0,0.547079721581462,0.4346362265656556,0.16884136985517498,1.0157054065554387,0.19861637129339518,0.33034162702068315,1
0,0.54294634964834,0.4425378937000105,0.1712488036697267,0.9990422412580844,0.22136013947901162,0.29907989625712394,0
1,0.4520878181566975,0.3876470264403681,0.08870931900208068,0.40576325783939543,0.01578414960283242,0.046729143831327216,0
2,0.5744835550836145,0.4477441684898086,0.16008370149133183,1.0091775209888723,0.235412430279175,0.3112921485953497,1
0,0.5627574943166971,0.44009192077473513,0.167543038514857,0.7837009988091942,0.1740131081136806,0.21769017847048253,0
0,0.7044588313175358,0.5653784126571435,0.17527318732054548,1.8806633111450244,0.37827648686902915,0.43181009829041633,1
2,0.22381008550071324,0.21388850960119388,0.1622188285298154,0.13711494220815432,-0.013083593838326156,-0.02342183834769955,0
2,0.6325954743210476,0.5008783046830215,0.19534209831347815,1.3771537125469173,0.29736122133571613,0.33102226709161187,0
2,0.6168253927915257,0.492800194684759,0.14355503152825758,1.0162377334592583,0.21132859716057104,0.317653555417397,1
0,0.561948398047067,0.5620635893680543,0.17339403702411044,1.5227661705817908,0.3334132169871077,0.3898083529214579,1
0,0.45023552437714676,0.35312408496404357,0.10791004071474311,0.9293695363813873,0.028202303261360265,0.29443605098666437,0
0,0.5705095132237429,0.4385238448530705,0.1356755975878372,0.8639610628447958,0.16194190307251824,0.2179840453716628,0
2,0.575725257762199,0.43875171857651296,0.1617538439812699,0.9996748917837112,0.24119412496994738,0.3175014256130514,1
0,0.4022517018309947,0.32307233499395505,0.10436161751937355,0.19706227385856495,0.031411176396155815,0.013688733738782412,0
1,0.4165943472725189,0.22993264550797943,0.08189816544377071,-0.033992296602712774,-0.0033386650804307152,0.03499066834258572,0
0,0.675675607508544,0.5560032819630263,0.19911914594203822,1.7627562806387045,0.3634063811637111,0.501319383080353,0
1,0.4248547863153432,0.3513903793694478,0.10030788815731756,0.6797267253724203,0.1266245401545797,0.15598927849696642,0
0,0.3454796024123188,0.3697879882198429,0.128775853987956,0.3289641843291507,0.05617776407535457,0.0478254198326617,0
0,0.606004262191449,0.42947191162252657,0.16973570111342481,1.0258228767660926,0.19822943904966847,0.3251342649480626,1
0,0.48755266192678676,0.3492990861559767,0.11126612598768004,0.2247376448958499,-0.01708975078969948,0.11198332144090492,1
1,0.45298320699090033,0.3515759550818651,0.1041493027824064,0.2989946177565346,0.05668094808121221,0.12048526202199938,0
2,0.5681140364881143,0.4522178134124026,0.14147707494116854,0.990018512806159,0.20216837323223882,0.24402683420606194,0
0,0.7042991700112813,0.5559478347796208,0.19587656619377042,1.4646423468515242,0.32121510285743454,0.4710818623321683,1
0,0.7233273738227061,0.5170132765395077,0.17551763085894115,1.322150554040593,0.373549926673557,0.3946995028161001,0
1,0.41801345494681097,0.2553571999478451,0.11166534558632663,0.3151705457125197,0.09624533267774105,0.10235238728257036,0
2,0.579978176383125,0.4859027004967005,0.14833801752475764,0.5698241080822476,0.21346251406980124,0.24518146761997206,0
2,0.5797621948089489,0.43671933666564644,0.1610702247079038,0.9998740459039931,0.2637063478383325,0.3199905300474321,1
0,0.7042572009699433,0.5369447820258658,0.16128041872136525,1.0245642672979074,0.22823723619727637,0.4828859902500981,1
0,0.5997298733647236,0.47222564288018165,0.15961585009821425,1.0424232339092254,0.25159187050759035,0.2226206368735033,1
0,0.6484101595971771,0.483083787792105,0.14732548595033795,0.9402356458083485,0.24008490398330382,0.24081898326947324,0
1,0.597132663643123,0.4791502382449527,0.1954586568067462,1.4414832996895728,0.3222136972309524,0.3265147708414318,0
0,0.6657624098865761,0.552862208020074,0.16763213514782055,1.6908259955625804,0.23962818488820933,0.40786191861354254,1
2,0.7109850260670275,0.5206649837267397,0.20104053041325992,1.4074550354285766,0.30060288898939697,0.395949648927093,0
0,0.6756317674822184,0.5538258871476259,0.20357353657449936,1.432550292681174,0.30746869913008074,0.46797165635127,1
0,0.43686358125112856,0.3487026361370469,0.10226358597874924,0.4895328550592753,0.1273402434266051,0.11769718817156621,0
2,0.4144047352984759,0.507121090707673,0.20340288174453042,1.3739752528416675,0.28396238983416067,0.3850480034709097,1
0,0.5619408372443067,0.5205852045520183,0.16028986557760125,1.0004220534945838,0.2461209269901427,0.3098820259092168,1
2,0.6395942072128783,0.5089975428073663,0.18765066317997103,1.387722835711025,0.2978483261005242,0.31283214741279797,0
1,0.5391575054045955,0.34359019599746476,0.13256003726881885,0.6998981619129105,0.17453703131192688,0.1288192649636996,0
2,0.5103387577017731,0.40790027044090515,0.158656838875037,0.7746474621949836,0.15098280472753114,0.240625889422701,0
1,0.5291611530109296,0.38750596651896013,0.14002203863324736,0.7007930920462054,0.13595268230325472,0.24175966564207002,1
2,0.5079248454580709,0.3799349285262258,0.1758735327576155,0.9933903419435829,0.22852127340415723,0.335082580928683,0
2,0.5907588745634393,0.4401596053042975,0.14405463267133334,1.0005282341794302,0.20525166736851794,0.3143378511437235,0
1,0.24986768575757867,0.20820095891154433,0.09340507337279526,0.2483255885864919,0.06168686557402075,0.011053669645927328,0
0,0.40806276999523516,0.35849098913659694,0.11041324835978066,0.22489949837971673,0.060821495927102974,0.1094606643779737,0
2,0.6787400826460468,0.5433279806854163,0.16118686195165446,1.666066625927023,0.2557134512609062,0.482633262072455,1
0,0.28470117868253675,0.3228690102423776,0.07186158161833789,0.2284018580989714,0.015978002653216014,0.06017716050875521,0
0,0.5685738310043033,0.44334515373240796,0.16671821307538087,1.3410702603472375,0.21044862996558167,0.24935588119804114,1
0,0.5359345236766256,0.3932623946758216,0.1454816200822997,0.8207509139447903,0.15668864438926014,0.14350852851093066,0
0,0.694477344003723,0.5559869257142839,0.17298580359376384,1.8154527102975984,0.38434524606446396,0.43664029537356774,1
0,0.46847123789907213,0.40962221258563236,0.13478269475904153,0.47045312525188515,0.10821434687881662,0.06979245510652211,0
1,0.19855543660547037,0.23703399123965058,0.08328528619473202,0.2435213826298956,0.045181258116538066,-0.015613852618759735,0
2,0.35903937751818915,0.33577378059596963,0.08198490432774284,0.3295669983521306,0.01729145155369395,0.047540673131422684,0
2,0.5631208101589641,0.40439491429942054,0.16132925771206225,0.8534137873921479,0.15413216375573982,0.2663873450951724,1
2,0.5814007233082827,0.3980024473016723,0.162978088054569,0.7117314401668262,0.13811095830694012,0.23789636169862932,1
2,0.7137364544150376,0.56129891430506,0.19712328549564084,1.8556905039457035,0.4170265011273877,0.5837615012430195,0
0,0.6906956228435521,0.5512998920996691,0.16930881736706838,1.896259146863357,0.3609424735608112,0.4297067968230054,0
2,0.3571761833418397,0.31866805810128057,0.07604553706565491,0.3062849709776304,0.03978913102739391,0.05954185743108577,0
0,0.5214485263001271,0.4299304308206796,0.16857323714346154,1.1974740038054197,0.2423607634615565,0.31284328768377717,0
2,0.6302308756849324,0.5278515137543701,0.1854982324779198,1.3600372003014602,0.31257748446770844,0.3640035744126261,0
0,0.5859581443825319,0.4683630197421913,0.1365817516261124,1.0385159731578386,0.20659571306042002,0.2165906943995778,1
2,0.4673399064968854,0.37052388694739646,0.11504798864005063,0.7576790082365723,0.04349412448536433,0.1348398200197344,1
2,0.5391968261025488,0.402305321509801,0.16269103781374697,0.7672068099765256,0.13525692828525573,0.31535332921370873,1
2,0.6609321306999485,0.5180841443597364,0.16283491990221022,1.4355243999935803,0.2892154153633917,0.3365351673722064,1
2,0.6869771969710927,0.491867954581878,0.15658511559559946,1.7425515715059563,0.2531002911017023,0.5272293965998366,0
0,0.6922995820635893,0.5595684143675549,0.1707129991694415,1.8335867549118718,0.35829059100760535,0.4281662609527023,1
0,0.5873051592930191,0.4684747917756813,0.16333918774814257,0.8717882727288212,0.1781746055558133,0.2406979773619228,0
2,0.5885990758275527,0.5047446606556897,0.15799356000135825,1.003703936560759,0.16261321718025598,0.319238164922937,0
2,0.5872900893590239,0.5158103386603448,0.1748739436301974,1.1418849930972836,0.2295207026979659,0.307804129751768,0
2,0.5470176035824924,0.45351468527487193,0.17835829994390273,1.9077217742145829,0.3903339347781018,0.3789853392109164,0
1,0.5375842715797826,0.39593010565325854,0.14027068024329728,0.7774333627774238,0.13113428317282327,0.23610005504845788,1
0,0.5126253338549602,0.4177668755283072,0.16555472790574038,0.6973721606356095,0.17670253129060715,0.21347786768479582,1
0,0.527881266832491,0.38969534375049164,0.1401404192051306,0.7459756464710737,0.17611893120450525,0.12657785246634026,0
0,0.7161063984176069,0.559399713612954,0.20055288647807162,1.84047882693086,0.4143598048981161,0.4917006958139294,1
0,0.6461721702278118,0.5055032346858274,0.18147591333915633,1.2215620247218515,0.33308921918846274,0.39528180896088483,0
0,0.675853247745529,0.551355357144698,0.19437737272190134,1.3586296355221639,0.3216339196973364,0.30221378882820843,1
2,0.6845956204323135,0.5587994172327195,0.19931724898457773,1.948802219160347,0.4196004241393425,0.5381510754669738,1
0,0.5513172625220255,0.48312073580213344,0.1641218204483226,0.9710496821710797,0.20457283549138,0.22722000479911864,0
1,0.6465344540404547,0.5327646408054979,0.15132010816702027,1.5887531425510886,0.21563560342164076,0.38854551737468057,0
0,0.6757401552304136,0.5337425767859578,0.17097276697969513,1.8385814090379153,0.3436788626171524,0.4221025634809776,0
0,0.6319771763358368,0.4666312723714022,0.14339795565666635,1.2623958321275282,0.21429922421848577,0.28690480659091333,0
1,0.3364927443512196,0.17104483816959098,0.1027425232126771,0.1450513772221076,0.008968408106289127,0.032584293171411864,0
1,0.5281831443247667,0.4386685548153389,0.16188275869108634,0.7267667213300718,0.2446658005721127,0.20434018798944067,0
2,0.572094238500769,0.4736467684171581,0.14948825464375942,0.9948342828150809,0.233216463347938,0.3181036285654778,1
0,0.5880830410642441,0.46405132032617863,0.14269128915722223,1.1135482346454657,0.22943374472464934,0.3649256123326443,1
1,0.6515119337094298,0.5019161488072861,0.1587091175726363,1.0338764215838736,0.2309817280607916,0.332538766447842,1
0,0.639485221377082,0.5152509993123101,0.17690561238258004,1.2985940094817918,0.3141437550607895,0.3812574292618591,0
0,0.5799316986176829,0.4941550467840747,0.18118225250356612,1.014983022258305,0.22830649317762663,0.39055734114235385,0
0,0.5437888488802646,0.43309709799458446,0.1711645407232076,1.0206140605955423,0.2517703627920997,0.3163545894870213,1
2,0.6033513443851724,0.48243017695572094,0.16603684451203385,1.0148910547765762,0.2423566028029255,0.2546441526634645,1
2,0.5344861106352303,0.39992706349404133,0.16445432624352066,0.7511999797439938,0.15689316400029707,0.24435015738364382,1
1,0.5804513694649769,0.4359462113893229,0.17122857805878208,1.280263476580639,0.30619953826557583,0.33244250076209175,1
2,0.5610839999084986,0.40737855440804494,0.1581703869010616,0.7444084356495055,0.1379361841791103,0.2652849288638558,1
0,0.7037511453182391,0.5626319212338491,0.1748174125765678,1.8647107271726677,0.365468516527068,0.4210883813222663,1
2,0.7021617003041504,0.5479913131753253,0.19704380665046892,1.84124272686351,0.431111026527538,0.5402279957127273,1
2,0.6133735077679151,0.5089378880650843,0.16336926117045208,1.0338725176784533,0.2514519367494227,0.32771104062815665,1
0,0.5493769618177244,0.4391373250763389,0.1712647172150662,1.0016548989943594,0.20696512840914003,0.31751866306388005,1
0,0.49666459490298703,0.43021795192405143,0.12722229002417199,0.9418899333624584,0.13773269595599108,0.3236427536120148,0
2,0.6088611628334935,0.5054787352211692,0.15759601216862315,1.011014335960982,0.2397798004531247,0.30342321715578463,1
0,0.5696971696285601,0.4414676983063541,0.1453445068717355,1.1197345288338227,0.23895190008140726,0.22543622202326935,0
0,0.6729798130293638,0.5470036710996002,0.17567125515106813,1.7664134902032231,0.35298790868786206,0.4412374267654627,1
0,0.6807811365565201,0.5468970502915791,0.17585296777699147,1.8407458311539702,0.3448641371668597,0.4382174326692445,1
0,0.6202794391163091,0.47320816137759925,0.1746168313442167,1.0925233020903549,0.2520194972537467,0.33462256756896197,0
2,0.5918858296559103,0.4827782464744094,0.15848744227465272,1.0006929572997973,0.1752595828998792,0.23661526959165713,1
1,0.34702260688276165,0.31639583903869917,0.11565386040136075,0.2810135850085169,0.05163993269873264,0.026329954077783352,0
0,0.6416528869845389,0.47196779615620404,0.14575986322539655,1.1358050084458926,0.2339210348114197,0.3147661955962933,0
0,0.5716365712074729,0.43983571950714784,0.1687882441952916,1.1462685823656453,0.22176449686197475,0.2535446285329217,1
2,0.4503671672987558,0.42099672081457384,0.12592010330783665,0.367776024980754,0.2581086692437685,0.14811340987184107,0
2,0.6306527760853838,0.522295444849291,0.16352963928030007,1.0074998679997602,0.24897740055833842,0.3355659795566774,0
0,0.7231967224453355,0.5599426881478744,0.16491448152959529,1.6584409683083587,0.25066405523141816,0.4600196670753154,1
2,0.6269801553073838,0.5026528073366922,0.156591545838056,1.0017059901516367,0.2261930782048941,0.3233425972816756,0
1,0.5328386808546615,0.40587211020020547,0.11118741930956805,0.6545265694186784,0.1563989514212217,0.1431151063092541,0
2,0.5280695683453042,0.4033273811714041,0.16395082006187334,1.0091145871417175,0.20036482232647798,0.3130904115501773,1
2,0.6902617352709056,0.5575715377920277,0.1622055001249713,1.7010576143987994,0.25744237854276847,0.4955063181453622,0
2,0.690960642154126,0.5563194759183578,0.19941496902376035,1.8329939077483963,0.43556780299368203,0.5467445842436361,1
0,0.576654521104256,0.46124685404835486,0.16962483866543837,1.0607119875270654,0.21938693516735086,0.31100835070886523,1
0,0.5818397390609973,0.46372446492185476,0.14160677383177936,0.8506940060594057,0.21330523131740636,0.2436469836749423,0
2,0.5934680438890109,0.4753059407835635,0.18478154012059567,1.2843066914620138,0.3231813836465307,0.33060375563332467,0
1,0.44145239047849755,0.28933240683218786,0.1060407312742689,0.4509195645510818,0.04885526787580101,0.060160993461472016,0
2,0.5628356678208002,0.39613814842185874,0.14305335435983607,0.8195040160167545,0.18058268174175982,0.15786403383370753,0
0,0.6834765118073621,0.5522502602750154,0.17710065095882924,1.7473091488408399,0.3500797613153501,0.40115888373274733,1
2,0.5371009298526248,0.41215845737201656,0.16298234246810486,0.9826531937404244,0.23170547265432642,0.33213481071467005,1
0,0.31902177408520055,0.31341507229292653,0.07762870170582378,0.24705852440042922,0.046117794701000143,0.01771209480431523,0
2,0.63027239282066,0.5125846797072516,0.1617319639131879,1.0008872233449222,0.23655266283161158,0.32378337894771797,0
2,0.5186420397523989,0.39787965370115186,0.16702456495599596,0.9986617275967818,0.23795451368970003,0.24414042950079498,1
2,0.5919120296308492,0.44734178612472847,0.18236106754810624,1.0955624358556104,0.23788368268706905,0.32337583931289887,0
0,0.5757230743119736,0.4460653314903992,0.17079441817591778,1.02234678540006,0.19595750265731382,0.2923445777245616,1
0,0.5791136772244204,0.46972474542382375,0.1426724073531145,0.7708836076745573,0.17529047267291428,0.24012028468775382,0
0,0.4936886592552373,0.36543805115223615,0.12091874451127614,0.6825952776948879,0.11313744429423464,0.1368885953284189,1
2,0.6715969392082708,0.5386637689332051,0.1580056639871588,1.6685327670668517,0.2574044008367563,0.4764895169365827,0
2,0.6405636262620498,0.47192950764851754,0.18420559028222278,1.322552389230586,0.3196908754754219,0.3128802965320431,0
0,0.46693802261683814,0.3722619812308956,0.12114867255086803,0.4264528346374599,0.10249746327311707,0.14546472662957521,0
0,0.5985101444095651,0.46887911568717355,0.19406357890251236,1.1149040368225644,0.2476859524443369,0.2513058732031192,0
0,0.43955416868832325,0.3405293931335225,0.11469545325022736,0.6418913170092387,0.18145939182321952,0.11396186296523952,0
2,0.6404714768782068,0.4782325337220936,0.18036629240542168,1.2984306398052565,0.25924733089285895,0.4132779141085832,1
2,0.6329954734899448,0.5023348557300306,0.16540733692686227,0.9870483646907968,0.24946950890371627,0.31908694246162667,0
2,0.5140336263327954,0.401338456982224,0.161309163800367,0.7044066755445907,0.1724711477945107,0.250530112352269,0
2,0.5532798374315299,0.42904590764444817,0.19086431590239053,0.8473018453038212,0.2567436805527839,0.32480565899020647,1
0,0.5713364871909816,0.5031990765796475,0.16864615298671132,0.9813773357577729,0.20779533419602164,0.2394082674825594,0
0,0.5566496726341315,0.40270838774123224,0.13740758462000208,1.0029950108623087,0.2014299039709138,0.32412556198165243,1
2,0.6018314763441727,0.47971499503731496,0.16125141746967298,1.160918532701105,0.17799624655165158,0.21002956253434463,0
0,0.7089745934681083,0.555348976149815,0.1752765854432133,1.87576414079036,0.38548185094575865,0.40401010833303264,1
2,0.6289724734741973,0.5098980215486327,0.1599650483403479,1.0200173086490902,0.218556392018462,0.35655646676802755,1
1,0.5307396037450994,0.4008102514197417,0.14586153687382028,0.6637153930371076,0.13350467227170487,0.10620764321278704,0
0,0.5097815113891186,0.35354045531204303,0.12022810279687446,0.2748482999692052,0.09648404888398227,0.10675266944779543,0
2,0.604214296042602,0.530102893110989,0.15957041306892814,1.0123412811247108,0.24474738358163062,0.2876344039037993,1
0,0.5209343374931663,0.3073488033699655,0.10175932752159486,0.18820227895449476,-0.018641695557935704,-0.024109085048858586,1
0,0.578188910883829,0.4576751084702802,0.16533465738712422,0.9850778814429918,0.20572049890979946,0.2637391002116055,1
0,0.7194994460754385,0.5584725639309578,0.20334718963204668,1.8566461154615423,0.43259752144745783,0.4986014862496548,0
0,0.5151962381204677,0.4525984513236178,0.14579323869634903,0.9941828385995833,0.20717690637285355,0.2585743492746644,0
0,0.5692778211154422,0.44101676503952236,0.1659936879064118,0.8024711547032006,0.14006189037383754,0.24247416293691657,1
0,0.5489161324298777,0.405337741671873,0.13606081838200554,0.7906344393827502,0.1300026687548573,0.23569558908839094,1
2,0.691165052777429,0.5604375824267396,0.1596366140917127,1.7054377506523677,0.25106620661799633,0.501244759753759,1
0,0.6555952416617911,0.4994069199784058,0.1726723736444969,1.2377147103563737,0.2384954731265115,0.318030571140401,0
0,0.597142943771928,0.48404118565028703,0.1714236378890973,1.0257394199928498,0.21263639857347,0.2738451066498867,0
1,0.325236431773212,0.2129305727607088,0.10266506809999852,0.10141348404010331,0.04384659510161333,0.01856743073464858,0
0,0.5914158639699874,0.46960028647540375,0.14948825227993892,1.0130173025936646,0.2072832816988944,0.227269989858488,1
2,0.6239541237174518,0.5206550543655204,0.19941278338974888,1.6317441813737468,0.2960510961045382,0.33869085903543084,0
2,0.5322851941954231,0.38537547309278736,0.14024736982150066,0.6534452107325875,0.1510864393728635,0.21895645329979976,0
2,0.6867840205015596,0.5402883481207199,0.1676282719922711,1.8021655714493965,0.40118895472660593,0.4301961497966534,1
0,0.4378395773512831,0.2136118376241753,0.08881557349800485,0.3601377319473898,0.059376323534843914,0.07116426181112742,0
2,0.6084347794134776,0.5042291150122011,0.1814950084554819,1.3559169973068235,0.3006312906871288,0.3660097513050249,1
0,0.3240693541120177,0.3118550242716386,0.10533268188289205,0.4251082359499983,0.06385892090870762,0.020650395269430792,0
0,0.6334152953712993,0.5073192278546602,0.17159829089661266,1.2974771577342519,0.23962695290907948,0.3344561827648124,0
2,0.5346344659897417,0.44167471981482925,0.16503337923163164,1.0127523353754897,0.25005108947348936,0.3152216466636854,0
1,0.34496986926058226,0.24085128517092544,0.07249216764721768,0.22182024978296888,0.006372738617102289,0.020881403210157475,0
0,0.6165864867158414,0.47935003107537927,0.1644273326546517,0.9963696309811919,0.21043880865671466,0.31175652841425017,1
0,0.4833535385924014,0.444403889608567,0.11788107585579369,0.4017262879611796,0.09508909341756802,0.05384318293672591,0
2,0.6381001427028785,0.5156799088276202,0.1951910405490234,1.3105830821427495,0.29377782540230674,0.40115473637924665,0
0,0.35574404359107986,0.2616286417981305,0.06316625080872247,0.21855298561799427,0.05176819677129731,0.0288240362314462,0
0,0.6791557572048054,0.5463195268196691,0.17223287015130095,1.7748352604535245,0.3458013527217187,0.4363048147883732,1
0,0.6751880138663164,0.5473270764464994,0.17051664780789658,1.784260116782257,0.3496147681345932,0.42087626388910954,1
0,0.475596401473422,0.37566761995730913,0.11821922059179345,0.42264114369525685,0.07215817806996858,0.12652567912684548,1
1,0.5274672497575814,0.3684090190591798,0.15767781856819,0.7393046004381422,0.13722547605740787,0.23937033145614722,1
0,0.5419928525975114,0.37515152097907156,0.14076770265520297,0.8342561337777884,0.1399827122839758,0.29097849278436305,0
2,0.5753351179413922,0.46111700019496105,0.1455050692800576,0.9622528395448648,0.24113590070058963,0.31049277111395435,0
0,0.6832711470510268,0.5486663156852758,0.19916920208217814,1.8403921398432008,0.40215406530762143,0.45536443319648545,1
0,0.5027546770778838,0.4706507456885937,0.16560667344971267,0.8284431596569242,0.1744122099776438,0.2977795269419625,1
0,0.5604348196069765,0.42317611611294664,0.16892340152903712,0.9886930636575445,0.1967457106306847,0.3310172457023087,1
0,0.6384757906755558,0.5308061352791376,0.17633121971617008,1.310629405149331,0.3170598300488179,0.3886842185577336,0
0,0.7203248520641713,0.5238522181598181,0.20079196815227027,1.4684777585827138,0.4021777393234933,0.3912572055185826,0
1,0.5599262829646655,0.4232435982641183,0.14391730789883522,0.7308425751468389,0.10846745469927913,0.23910868990538015,0
0,0.5355110885058937,0.5115622682038203,0.18060321417131422,0.41911599365309193,0.12315618656451882,0.16115414071885267,0
2,0.6219181990335868,0.5097380244802857,0.16299609176001098,0.9869225104914691,0.22205857911725455,0.33245367151897015,1
0,0.4889951533091615,0.37820655176649687,0.11620477234063269,0.7137480309072889,0.12503634333607294,0.12114420971557058,1
0,0.581140626030681,0.46017981530454843,0.16579442389463708,0.9801193798322728,0.16841032380587154,0.24216508624470257,1
1,0.47107653601079547,0.3443837287004424,0.1059334678024408,0.514408570329274,0.0628715718943704,0.1307971212262761,0
1,0.5363388665450458,0.38839158404037255,0.1384161259669413,0.5941868676851738,0.14642797982357145,0.2800251456898829,1
2,0.6338270398024283,0.46973234157721955,0.18381375100938582,1.3211991475493163,0.31258908283796755,0.3347133116899774,0
1,0.5141797357484972,0.39996248793257305,0.1312199228216825,0.7407830099867552,0.13231146995391568,0.2388203323975604,0
2,0.5872548387195163,0.53381802475304,0.18016515793884705,1.8490952870519026,0.252675948821003,0.41455682904871916,1
1,0.6156815983797761,0.4655490369741839,0.1625747705875589,0.9880786843732113,0.16885834000178201,0.2611486989208381,1
2,0.5772467931119599,0.4774293915455378,0.15972347858579222,0.9739490365763748,0.22812962048108182,0.2308795770361834,0
0,0.43996345869144227,0.39587713654094847,0.11100857639017288,0.3400777877663399,0.13834436494355268,0.16343196416912825,0
2,0.5294469998501545,0.40073590976275597,0.1440409825929261,0.9532476074112493,0.211324817176637,0.3526818970561933,1
0,0.5366139037603453,0.44295544123005853,0.14783705866228766,0.793855563497611,0.1686336518044018,0.22698311609126015,1
1,0.2737891995603109,0.18466609898032893,0.06813971940017438,-0.06519198356159031,0.04286184640308041,0.0058586344209760055,0
1,0.5035980320857527,0.35048891169020796,0.11522576443827554,0.3448761222665194,0.01683224001338577,0.03155130836655414,0
0,0.4666997367356492,0.4054317088973567,0.08331664027733482,0.48047205532270465,0.05631139843162217,0.06387778020919603,0
2,0.5701343266031129,0.4664548352350942,0.17387173644036663,1.0516990087158868,0.20481529193992173,0.33274451009805034,1
2,0.5491991468719829,0.5083118595248045,0.15982783712184906,1.0088140326928743,0.2316896076741393,0.3267478980631064,1
0,0.5953628348100569,0.47516561265092705,0.1742948344839649,1.2012820247918057,0.23067382892565025,0.41172349410967723,1
2,0.34939329019233517,0.25342792033891337,0.09142561424439079,-0.12299752361984981,0.007000105765401957,0.09187174772408223,0
0,0.4533800946558269,0.33794347517660556,0.118936481123668,0.4171698133195742,0.05856140118885852,0.10559244286990868,1
2,0.5326781800791826,0.446702687657291,0.14234197440233395,0.6642904312109575,0.15458838384021076,0.2324791989184765,0
0,0.6888311399907778,0.5528292597197582,0.1731553224631998,1.8545231300199847,0.3402293749882037,0.4310899785359299,1
0,0.6511261576684447,0.4550135858007619,0.17321648550988267,1.0398243386235493,0.19888020775118412,0.3302300000586833,0
0,0.6450243846778267,0.5234978044167091,0.1940557479716092,1.4018249961661464,0.3109078069389114,0.3234788062126719,1
2,0.45873784035223336,0.36122209484081397,0.09233151205880089,0.3590709142435704,0.03550024245689848,0.07829103239116385,0
0,0.3575150413310082,0.2105358369658261,0.09038479118724568,0.144772407703758,0.026328148940049458,0.033604853801694465,0
0,0.525586760061453,0.46908523893520465,0.15676447882518657,0.7581686686150272,0.21762408056783628,0.2600571380872119,0
0,0.5330757891384529,0.3967146409592902,0.14044087886434128,0.6854282338413829,0.13453670517493452,0.24307760541147372,1
0,0.48437700005825174,0.3275811658507554,0.11547242877681377,0.4137531430484879,0.04838163937726568,0.1264301931837845,0
2,0.6367975280465208,0.5244113408504816,0.14954937398033089,1.2804143765557514,0.22590794105377746,0.34199494054790586,0
2,0.5275803960631557,0.3781531276201335,0.14058781591587882,0.8386970228981536,0.14381927222670995,0.22879316747017037,1
