Attr0,Attr1,Attr2,Attr3,Attr4,Attr5,Attr6,Attr7,class
0.5885580919062428,0.5376071928055491,0.38095089910069363,0.18570539460416183,0.5,0.0,0.5190491008993063,0.22,1
0.3159501210133094,0.33570072607985635,0.34,0.19,0.5,0.0,0.55,0.27619951594676245,1
0.3829363244118273,0.39055427088279104,0.3570636755881727,0.14587264882365458,0.5,0.0,0.5429363244118274,0.22,1
0.4429245058992769,0.7059568605138725,0.34797843025693626,0.15651617730729783,0.5,0.0,0.4875269621788297,0.22,1
0.4664958617572954,0.49450137941423483,0.4409972411715303,0.19849034410035596,0.5,0.0,0.5145013794142349,0.24700827648540918,1
0.46222021395401697,0.5731498217049859,0.4053700356590028,0.15759024961301982,0.5,0.0,0.48462996434099714,0.3007400713180057,1
0.47206599260214405,0.5958680147957118,0.35206599260214405,0.20896700369892796,0.5,0.0,0.521032996301072,0.22,1
0.44750158568167725,0.6595003171363355,0.3895003171363355,0.11299809718198733,0.5,0.0,0.5414990485909937,0.22,1
0.6499603131812921,0.547490078295323,0.3387450391476615,0.20752976511403093,0.5,0.0,0.6061954306242766,0.22,1
0.37868786082347394,0.45787283505915644,0.3726242783530521,0.18868786082347394,0.5,0.0,0.518687860823474,0.2960635824704218,1
0.39481282165769016,0.5535829044564131,0.3496256433153804,0.17839572611410326,0.5,0.0,0.4916042738858967,0.2264170955435869,1
0.38870081713548116,0.5742910115097076,0.33870081713548117,0.17870081713548114,0.5,0.0,0.4925983657290377,0.22,1
0.3502579670392423,0.5302579670392423,0.3492260988822731,0.32987101648037886,0.5,0.0,0.5001289835196211,0.31871016480378855,1
0.4463309609136234,0.5693884934856038,0.3024460260575844,0.1706115065143961,0.5,0.0,0.5087769869712078,0.22,1
0.34,0.4076407111947089,0.3,0.23,0.5,0.0,0.5176407111947089,0.22,1
0.5251775259474064,0.48588762973703187,0.35035505189481275,0.1637573183681554,0.5,0.0,0.5151775259474064,0.23446742215778088,1
0.4331078398963134,0.46349440007406184,0.40310783989631344,0.14320447994075053,0.5,0.0,0.5000966400444371,0.35660223997037527,1
0.409360114133819,0.6518720228267638,0.3818720228267638,0.15876786303941723,0.5,0.0,0.5643839315197086,0.22,1
0.6591803907243804,0.5549176556537181,0.34409804637809843,0.20819609275619683,0.5,0.0,0.6159019536219016,0.2249176556537181,1
0.537370212034628,0.434740424069256,0.38350638395382936,0.21912340401154265,0.5,0.0,0.5329872320923413,0.30350638395382934,1
0.26385540273367003,0.2948594630217733,0.3777108054673401,0.15257026848911334,0.5,0.0,0.5325702684891134,0.25642567122278337,1
0.4464536259683675,0.720581450387347,0.428837099225306,0.14735463740316324,0.5,0.0,0.47470927480632646,0.22,1
0.4892574229390511,0.5518564426523723,0.35,0.2292574229390511,0.5,0.0,0.5681435573476277,0.22,1
0.46402788156580665,0.4686573728113978,0.3486573728113978,0.23164343202849444,0.5,0.0,0.5370139407829033,0.22,1
0.5147215333199772,0.7478886133279908,0.37422277334401827,0.1405278466680023,0.5,0.0,0.4610556933360046,0.22,1
0.46858455317124575,0.40858455317124576,0.37427696455250287,0.1828615177237486,0.5,0.0,0.4928615177237486,0.22429227658562287,1
0.31482503420189845,0.5177900410422781,0.3459300136807594,0.27186002736151876,0.5,0.0,0.5159300136807594,0.22889502052113905,1
0.5291930124128165,0.5391930124128165,0.42540349379359177,0.22180116459786392,0.5,0.0,0.48540349379359177,0.22,1
0.4076133161799103,0.6728399485397308,0.40664660662968605,0.16238668382008972,0.5,0.0,0.5357400771904036,0.22,1
0.4458078542930741,0.5911615708586148,0.3883842914138517,0.3046462834344593,0.5,0.0,0.5176768582827703,0.5007074331310813,1
0.42937490870638717,0.44812472611916154,0.37312545646806416,0.12500073034890263,0.5,0.0,0.4806250912936128,0.22,1
0.561217610844053,0.48243522168810593,0.4307383620458146,0.1107383620458146,0.5,0.0,0.47,0.22,1
0.3142010630647229,0.40280070870981527,0.30859964564509235,0.17840212612944584,0.5,0.0,0.5214003543549076,0.22,1
0.548299529763782,0.39201930840550886,0.39116907328739986,0.4677681328149639,0.5,0.0,0.5004251175590545,0.827449294645673,1
0.3882968023626191,0.4365936047252382,0.35255479645607135,0.1617031976373809,0.5,0.0,0.5465936047252382,0.22,1
0.5242750730634492,0.47286246346827543,0.4399875852406907,0.17143743911379233,0.5,0.0,0.4742874878227584,0.23714995129103386,1
0.5323760581189964,0.4146211202303467,0.34825070541266423,0.23712817435698907,0.5,0.0,0.51,0.23762394188100364,1
0.4971910354201033,0.46438207084020655,0.45,0.14421344686984505,0.5,0.0,0.5229775885502582,0.32702241144974176,1
0.31927036289950383,0.5231244354794047,0.34770814515980153,0.2754162903196031,0.5,0.0,0.5177081451598016,0.23156221773970231,1
0.5059725596310956,0.6266209327184925,0.331945119262191,0.35597255963109553,0.5,0.0,0.510648373087397,0.3820823211067135,1
0.46836448676346604,0.61,0.32981307941920357,0.2830841058922714,0.5,0.0,0.49836448676346606,0.28691589410772855,1
0.4823218375956945,0.26649041304226884,0.3451187749362037,0.15047509974481466,0.5,0.0,0.5148812250637963,0.2276781624043055,1
0.493442653493353,0.4568853069867059,0.45,0.14983601975997057,0.5,0.0,0.5136066337333824,0.3363933662666176,1
0.4577653886166578,0.4124469222766684,0.45021231089332625,0.18489384455333688,0.5,0.0,0.5202123108933263,0.22,1
0.35654545988280906,0.5038181604687637,0.31727270058595464,0.2579999412891002,0.5,0.0,0.5130909197656182,0.3134545401171909,1
0.37,0.5926147951770019,0.3204391394121442,0.27738520482299817,0.5,0.0,0.51,0.22,1
0.4572772895103721,0.401361355244814,0.3827227104896279,0.18136135524481395,0.5,0.0,0.49,0.22,1
0.3457217667697083,0.5761340137194289,0.24479387652513968,0.1454639451222843,0.5,0.0,0.51,0.22,1
0.42681920647231925,0.47681920647231923,0.42536384129446386,0.16463615870553616,0.5,0.0,0.5292723174110723,0.2707276825889277,1
0.4553549550604117,0.496787026963753,0.43214198202416465,0.15785801797583535,0.5,0.0,0.5210709910120823,0.28428396404832934,1
0.3930334359801502,0.4863598768238197,0.3024267487841202,0.1912133743920601,0.5,0.0,0.5218200615880901,0.3154601847642704,1
0.3069139889910253,0.2921810018348291,0.3074480146786329,0.09526701284380383,0.5,0.0,0.5221810018348292,0.22654300550448736,1
0.43932823300437684,0.6219084049968736,0.36314504299812417,0.19247327600250108,0.5,0.0,0.5419084049968736,0.22,1
0.40073228181248444,0.783169295468789,0.3459753943203183,0.2786584647734395,0.5,0.0,0.5086584647734395,0.4298769716015917,1
0.5225290380638595,0.5325290380638595,0.42873548096807024,0.22291182698935674,0.5,0.0,0.48873548096807023,0.22,1
0.3769357316844913,0.45612853663101743,0.3592750608957195,0.19459640247326307,0.5,0.0,0.52,0.3015321341577544,1
0.43017825779036045,0.6000763961958687,0.40012732699311465,0.12002546539862292,0.5,0.0,0.4898981384055083,0.2900763961958688,1
0.3798599644372553,0.6692998221862764,0.33014003556274474,0.17112028450195785,0.5,0.0,0.51,0.22,1
0.3047577110321208,0.505709253238545,0.34190308441284833,0.26380616882569663,0.5,0.0,0.5119030844128484,0.2228546266192725,1
0.48620371143020014,0.46126542952326666,0.34126542952326666,0.21316357380816656,0.5,0.0,0.5481018557151001,0.22,1
0.3424620543093311,0.5,0.37538504525777594,0.23876897284533447,0.5,0.0,0.5029229909484448,0.22,1
0.5401518348257538,0.68,0.3341989515281407,0.39824606823052766,0.5,0.0,0.5414502621179649,0.26274868941017593,1
0.3669690973788806,0.47606180524223873,0.3243918408260822,0.20954635393167906,0.5,0.0,0.52,0.3065154513105597,1
0.26862240045748054,0.3086224004574805,0.36568879977125973,0.15574826697165367,0.5,0.0,0.5328741334858269,0.25143706674291344,1
0.4775612934909449,0.5562193532545275,0.33445161686368113,0.2113419402364174,0.5,0.0,0.5513419402364174,0.22,1
0.43819126558561244,0.51,0.37226091801798444,0.14909563279280622,0.5,0.0,0.5072868983784187,0.2213565508107907,1
0.6667001942519601,0.6132998057480399,0.3924748543110299,0.2350502913779402,0.5,0.0,0.5124748543110299,0.22412475718504982,1
0.6593983113652806,0.6206016886347194,0.3763692574696465,0.24454358084345118,0.5,0.0,0.5160581077912683,0.22,1
0.4889891290738516,0.4442418468053887,0.3784836936107774,0.3389891290738516,0.5,0.0,0.5162635886576855,0.22,1
0.3048387010843751,0.5058064413012502,0.34193548043375005,0.2638709608675001,0.5,0.0,0.51193548043375,0.22290322065062507,1
0.42829401792139354,0.4387794865589548,0.33414700896069677,0.2114632477598258,0.5,0.0,0.5456102567205227,0.38683077016156775,1
0.41075517387550553,0.5392448261244945,0.3524531043253033,0.1675468956746967,0.5,0.0,0.49830206955020223,0.22,1
0.40425383484920313,0.28723849545239055,0.3347512782830677,0.19674105201852599,0.5,0.0,0.48425383484920315,0.22,1
0.48282036959063146,0.44692221754378875,0.4358981520468427,0.1784611087718944,0.5,0.0,0.48,0.3389759345030539,1
0.38573310522120596,0.5316447105752597,0.3083552894247403,0.30426689477879404,0.5,0.0,0.5126221842035343,0.22,1
0.536290656122856,0.400267594216195,0.35086043741523726,0.2488719683685677,0.5,0.0,0.51,0.2337093438771441,1
0.5201998392519147,0.55,0.41603996785038294,0.20811990355114884,0.5,0.0,0.48,0.2556402893465535,1
0.32949362415776234,0.5154008501122984,0.38189872483155246,0.1908017002245967,0.5,0.0,0.5181012751684475,0.2808017002245967,1
0.42981977402623495,0.45036045194753016,0.3703003766229418,0.12006007532458834,0.5,0.0,0.47981977402623494,0.22018022597376508,1
0.428411590232762,0.521588409767238,0.377725606511492,0.16931401627873,0.5,0.0,0.51,0.22,1
0.410311965919835,0.53937606816033,0.390311965919835,0.1990641022404949,0.5,0.0,0.5096880340801649,0.22124786367934016,1
0.5074915926847905,0.6287457963423952,0.30125420365760475,0.3449831853695809,0.5,0.0,0.5281186945135928,0.27188130548640715,1
0.46772836680895347,0.1837940785840695,0.3548477554606977,0.18939102184279083,0.5,0.0,0.5051522445393023,0.24227163319104655,1
0.5022433303381603,0.4777566696618398,0.3755133393236796,0.2,0.5,0.0,0.4922433303381602,0.25591888988727995,1
0.5358869283865436,0.40675927254097954,0.39970273673425133,0.4514765935073384,0.5,0.0,0.5035282679033641,0.8088303925798153,1
0.4083374113643521,0.44444172575709867,0.42138956856072535,0.17138956856072535,0.5,0.0,0.54,0.25444172575709867,1
0.5063767555149807,0.3814492977940077,0.41710140441198457,0.2078260533089884,0.5,0.0,0.4621739466910116,0.3313042132359537,1
0.47027313282114874,0.5664390559823761,0.4067121888035248,0.16698532162467353,0.5,0.0,0.4832878111964752,0.30342437760704954,1
0.5024227902842714,0.6262113951421356,0.3037886048578643,0.33484558056854274,0.5,0.0,0.5243170927132036,0.2756829072867965,1
0.34334256977388694,0.3953204023165583,0.30200554186433215,0.23,0.5,0.0,0.5073259441808905,0.22,1
0.39,0.44,0.2972895348286208,0.1298797341877833,0.5,0.0,0.48222940192251246,0.2576503322652709,1
0.3744544439430447,0.3866366681708657,0.3710911121139105,0.162182224227821,0.5,0.0,0.5233633318291343,0.22,1
0.36879040972562604,0.4724191805487479,0.33076643403969125,0.20681438541156089,0.5,0.0,0.52,0.30560479513718697,1
0.47182018859446595,0.46954495285138353,0.38613761787154116,0.3122752357430824,0.5,0.0,0.5043174292770752,0.22,1
0.5175084239956621,0.46249157600433793,0.3889966304017352,0.21100336959826482,0.5,0.0,0.5130101087947945,0.28200673919652963,1
0.5112827300008456,0.6332068250021139,0.30256546000169104,0.35448955500295937,0.5,0.0,0.5306413650004228,0.27,1
0.5239007337561403,0.722694863707018,0.3895036687807015,0.15950366878070152,0.5,0.0,0.4873051362929821,0.22,1
0.627656209761736,0.6443749034281664,0.4181249678093888,0.18,0.5,0.0,0.5390624839046945,0.267656209761736,1
0.482328753154712,0.33557082281762657,0.36301374053586394,0.1427854114088133,0.5,0.0,0.5251141645635253,0.22,1
0.47539581362099537,0.46865104659475115,0.3883723835131221,0.3167447670262442,0.5,0.0,0.5029765698921267,0.22,1
0.4729415254550448,0.4335322036403585,0.4570584745449552,0.19470762727522406,0.5,0.0,0.5241169490899104,0.22,1
0.4291685672432565,0.5154157163783718,0.3862471491351152,0.16083143275674347,0.5,0.0,0.5045842836216282,0.24166286551348695,1
0.3780317614133419,0.37718094315199485,0.32281905684800516,0.23,0.5,0.0,0.5176063522826684,0.2504254091306735,1
0.4172037564982368,0.44,0.3253395941637281,0.16533959416372807,0.5,0.0,0.5325433506619649,0.27,1
0.46684986737118717,0.38716710876270954,0.4094503978864386,0.16858355438135478,0.5,0.0,0.5354334217525419,0.22,1
0.3369460284076864,0.30694602840768637,0.3012973522717909,0.1251894090871637,0.5,0.0,0.5425947045435819,0.22,1
0.3948568944560049,0.4602862110879902,0.4148568944560049,0.17171436851466504,0.5,0.0,0.5348568944560049,0.26171436851466506,1
0.49276996106397297,0.46,0.392769961063973,0.319796575815937,0.5,0.0,0.512973385248036,0.22,1
0.6674919749985185,0.5949518499911112,0.37745987499259265,0.2299678999940741,0.5,0.0,0.5375882750162961,0.22,1
0.5109888240007371,0.3819776480014742,0.4186815679990172,0.2103296080002457,0.5,0.0,0.46263686400196563,0.3386815679990172,1
0.44071609549900964,0.4096419522504952,0.3992839045009904,0.18964195225049518,0.5,0.0,0.49,0.22,1
0.4939137104061808,0.6291309683249446,0.33913096832494466,0.2652172579187638,0.5,0.0,0.471303547512583,0.2617380633501107,1
0.39687565139380176,0.5153751302787604,0.39537513027876037,0.17462486972123964,0.5,0.0,0.5046248697212397,0.26462486972123966,1
0.4063176561559051,0.7757329220725995,0.34184117192204744,0.28979059369354304,0.5,0.0,0.5083682343844095,0.446736468768819,1
0.38638077609670574,0.4755231043868228,0.32533456732306004,0.19,0.5,0.0,0.52,0.3063807760967057,1
0.48291401826628,0.31944797564495997,0.33763800608876005,0.13944797564496,0.5,0.0,0.52708598173372,0.22,1
0.3784318980792674,0.3747043057621978,0.36313620384146517,0.14627240768293043,0.5,0.0,0.5352956942378022,0.22,1
0.37056917875498957,0.35720314974301465,0.3183415072529937,0.23,0.5,0.0,0.48554465699600835,0.22,1
0.33010626782426616,0.31005313391213307,0.32492029913180037,0.17492029913180038,0.5,0.0,0.5550265669560666,0.25978746435146766,1
0.43821958429137975,0.7050310224659874,0.44503102246598736,0.15662530337868352,0.5,0.0,0.48828162922335444,0.22,1
0.4988612471298208,0.4412631407859858,0.40886124712982075,0.20443062356491037,0.5,0.0,0.47113875287017926,0.2954449885192831,1
0.31705977502259797,0.3794776527903322,0.39620893888386716,0.4405223472096678,0.5,0.0,0.48189553055806644,0.42137318334839863,1
0.42409035352066143,0.5172730976528924,0.40409035352066147,0.1686365488264462,0.5,0.0,0.5027269023471076,0.26272690234710766,1
0.3512324021071369,0.38427463705000836,0.30673944126428215,0.23,0.5,0.0,0.5010140783142905,0.22,1
0.49,0.49106506252459925,0.40017751042076655,0.1998224895792335,0.5,0.0,0.48,0.2608875521038327,1
0.4528727526109918,0.49827634843340496,0.4311491010443967,0.15885089895560328,0.5,0.0,0.5205745505221984,0.2822982020887934,1
0.46339230667779513,0.61,0.3596461599332292,0.3228615465776389,0.5,0.0,0.49339230667779516,0.24713845342236113,1
0.45069129201657265,0.7222765168066291,0.42544696638674184,0.14693087079834274,0.5,0.0,0.4738617415966855,0.22,1
0.5031080989325198,0.6364864791460159,0.3464864791460158,0.2633783802134961,0.5,0.0,0.46027028128097625,0.24702704170796833,1
0.3865595522913159,0.4331191045826317,0.3551606715630262,0.16344044770868416,0.5,0.0,0.5431191045826318,0.22,1
0.3992102176646023,0.5615350362774337,0.33385985489026515,0.1784649637225663,0.5,0.0,0.4930700725548674,0.22,1
0.5055963469741749,0.39440365302582514,0.3544495433717718,0.30665136988468444,0.5,0.0,0.5266513698846844,0.22,1
0.3932675376216591,0.4432675376216591,0.3728727633516137,0.1632675376216591,0.5,0.0,0.5467324623783409,0.23307015048663643,1
0.47501417341776075,0.44504252025328234,0.3650425202532823,0.30495747974671766,0.5,0.0,0.5349858265822393,0.22,1
0.3007180100164704,0.3703988944535947,0.39984044221856213,0.4496011055464053,0.5,0.0,0.4800797788907189,0.4104786733443136,1
0.4825685187894831,0.6960695153360209,0.35712065529149867,0.3440858976234883,0.5,0.0,0.5171206552914988,0.37167279179351437,1
0.3601695251907329,0.540169525190733,0.31949142442780115,0.3249152374046335,0.5,0.0,0.5050847625953665,0.2691523740463353,1
0.4157161827816779,0.5342838172183221,0.3861892114788814,0.1904730286972035,0.5,0.0,0.51,0.22,1
0.5188873336741915,0.6772218334185479,0.4158327501278218,0.17888733367419146,0.5,0.0,0.5313890832907261,0.22,1
0.3749012603560245,0.4788240547329816,0.3074506301780122,0.21813734245549693,0.5,0.0,0.5255879726335092,0.32676391790052756,1
0.5423020266742997,0.6583632600028624,0.34327347999427527,0.26278775333428744,0.5,0.0,0.470665286677162,0.22,1
0.41819005553336713,0.24542983339989863,0.3393966851777891,0.16422320375547672,0.5,0.0,0.49819005553336715,0.22,1
0.3013881691415195,0.3690389598251019,0.40010678224165536,0.4486118308584805,0.5,0.0,0.4804271289666214,0.40797113740854835,1
0.45931184111484863,0.1417203972128785,0.3596559205574243,0.20913980139356075,0.5,0.0,0.5,0.24948388083613646,1
0.38391690376065035,0.46566761504260135,0.3425816736754477,0.19,0.5,0.0,0.52,0.30391690376065034,1
0.4199763586891107,0.5199881793445554,0.4000236413108893,0.1699527173782215,0.5,0.0,0.49994089672277686,0.25998817934455537,1
0.3852899547935183,0.47115981917407307,0.3329703164453721,0.19,0.5,0.0,0.52,0.3052899547935183,1
0.5122710242152486,0.40928839051889504,0.37077970736707183,0.29,0.5,0.0,0.5207797073670718,0.22,1
0.3224530501570302,0.45509389968593966,0.31754694984296983,0.24316021238222738,0.5,0.0,0.5212265250785151,0.22,1
0.6645477058735686,0.6154522941264314,0.38298990755173096,0.24233669748275632,0.5,0.0,0.5131155966436751,0.22,1
0.41047298224286666,0.5414189467286,0.4130180118380889,0.12650900591904446,0.5,0.0,0.46396397632382225,0.2639639763238222,1
0.3763535957410707,0.6187292808517858,0.34063535957410707,0.24745856170357172,0.5,0.0,0.5106353595741071,0.22,1
0.3318544504619433,0.5769497382081209,0.23745235612691112,0.14220104716751608,0.5,0.0,0.51,0.22,1
0.46,0.40508282277141805,0.40541411385709025,0.18,0.5,0.0,0.5154141138570902,0.22,1
0.5194226460439324,0.44823094158242704,0.3635381168351459,0.21588452920878648,0.5,0.0,0.5441154707912136,0.26707623367029176,1
0.46317865245526585,0.41,0.4395359573657975,0.18,0.5,0.0,0.5368213475447342,0.22,1
0.3602343535436173,0.5402343535436174,0.31929693936914794,0.32488282322819134,0.5,0.0,0.5051171767718087,0.2688282322819132,1
0.25878018056913643,0.42125431150987663,0.2143900902845682,0.1387456884901234,0.5,0.0,0.41313577877469154,0.22313577877469157,1
0.35320220312498707,0.5,0.3843351692708226,0.23339889843750647,0.5,0.0,0.5011329661458355,0.22,1
0.4374418440545919,0.5125581559454081,0.36846510643275515,0.15153489356724487,0.5,0.0,0.5089767376218368,0.22,1
0.3274434286115671,0.3500754285179105,0.33255657138843286,0.18255657138843287,0.5,0.0,0.5524811428705224,0.25007542851791054,1
0.3620281305348382,0.5,0.3879718694651618,0.2330421958022573,0.5,0.0,0.4929015431280663,0.22,1
0.49415062248349245,0.5167950201320604,0.4266024899339698,0.16924688758253775,0.5,0.0,0.5007531124174622,0.31415062248349246,1
0.323698661838584,0.357226003621062,0.343698661838584,0.18630133816141603,0.5,0.0,0.55,0.26924665459645997,1
0.516432941337007,0.6428658826740141,0.33859764802204223,0.36286588267401404,0.5,0.0,0.523567058662993,0.31503058935904926,1
0.46329085509531487,0.5899362826429723,0.33322713773828716,0.19658171019062975,0.5,0.0,0.5166454275476574,0.22,1
0.3554999255137956,0.47424973929828457,0.3,0.22225003724310222,0.5,0.0,0.5222500372431023,0.28974966481208014,1
0.49,0.49488685088392226,0.4008144751473204,0.19918552485267962,0.5,0.0,0.48,0.26407237573660186,1
0.3881889176885596,0.4209098797431733,0.31363951897269315,0.3472703607704801,0.5,0.0,0.5218197594863466,0.22,1
0.47973093262098476,0.4301921909850109,0.4497309326209848,0.16984624721199132,0.5,0.0,0.4801153145910065,0.36992312360599566,1
0.42298006218801026,0.4408514463394315,0.33042572316971575,0.17170289267886304,0.5,0.0,0.5404257231697158,0.26787138415142125,1
0.47,0.609352075919859,0.3219437722404229,0.2661124555191542,0.5,0.0,0.5012958481602819,0.2948166073588722,1
0.48179196550360404,0.672312051744594,0.3117533477068316,0.3335453132104357,0.5,0.0,0.5252986609172674,0.312312051744594,1
0.49725471011146777,0.6363396134819571,0.3817971617967124,0.20091509662951074,0.5,0.0,0.5245424516852446,0.22,1
0.42501323720817,0.23496407043496714,0.3450056730892157,0.21999621794052285,0.5,0.0,0.4850056730892157,0.23500567308921572,1
0.38437740595796405,0.4982490376168144,0.3691245188084072,0.26,0.5,0.0,0.4378793307243353,0.22,1
0.5397397101893043,0.4402602898106957,0.37947942037860855,0.21973971018930427,0.5,0.0,0.5396095652839564,0.2993492754732607,1
0.4541615214897063,0.6106487198344771,0.37740512066209164,0.3435128016552291,0.5,0.0,0.4912974396689542,0.22,1
0.39055914376700673,0.5600931906278345,0.3396272374886622,0.17990680937216555,0.5,0.0,0.4901863812556689,0.22,1
0.3102789628965804,0.30167377737948264,0.34,0.19,0.5,0.0,0.55,0.2988841484136782,1
0.2644651894576376,0.2940464140564832,0.3789303789152752,0.1529767929717584,0.5,0.0,0.5329767929717585,0.257441982429396,1
0.4580061557919557,0.5820092336879334,0.3200153894798892,0.18601231158391138,0.5,0.0,0.5140030778959779,0.22,1
0.36117169532547544,0.3658816707607822,0.3341183292392178,0.21352668304312883,0.5,0.0,0.5323549877176534,0.26,1
0.5552430396118149,0.4704860792236298,0.45164936135864786,0.13164936135864785,0.5,0.0,0.47,0.22,1
0.4818075825783159,0.624538388385544,0.372730805807228,0.357269194192772,0.5,0.0,0.500903791289158,0.26361516515663186,1
0.5339526392187435,0.5115810556874975,0.3615810556874974,0.13395263921874348,0.5,0.0,0.52,0.22,1
0.21348343794866695,0.5528079671796657,0.4056159343593314,0.2428079671796657,0.5,0.0,0.5302251569230004,0.28067547076900123,1
0.5340107581229039,0.37512595152115114,0.3645683548220275,0.29,0.5,0.0,0.5145683548220275,0.22,1
0.4112761667503388,0.43308574987449183,0.42,0.1869142501255082,0.5,0.0,0.511809583124153,0.23744766649932242,1
0.45933725295504885,0.47022091568165036,0.35022091568165037,0.23555228920412594,0.5,0.0,0.5346686264775244,0.22,1
0.4491516007372931,0.5005655995084712,0.4291516007372931,0.16028279975423565,0.5,0.0,0.5194344004915288,0.27943440049152873,1
0.4098976330291012,0.539923224771826,0.39,0.19994881651455063,0.5,0.0,0.51,0.22012795871362348,1
0.26389035167233493,0.3038903516723349,0.36805482416383256,0.1525935677815566,0.5,0.0,0.5312967838907783,0.2506483919453891,1
0.5130697484321814,0.6376743710804536,0.30613949686436287,0.36074411951263496,0.5,0.0,0.5315348742160907,0.27,1
0.3756383312096373,0.5,0.368364374203614,0.26,0.5,0.0,0.4343616687903627,0.22,1
0.4606401233424861,0.394900462534323,0.3640398149862708,0.32,0.5,0.0,0.5353200616712431,0.22,1
0.6630231902049627,0.61,0.39,0.260930429385112,0.5,0.0,0.530930429385112,0.24093042938511205,1
0.4796597022028963,0.48218941577865865,0.43479294385243905,0.3089052921106707,0.5,0.0,0.5563017640368902,0.5573964719262195,1
0.22020671461703006,0.5299540634184378,0.3600459365815622,0.21990812683687552,0.5,0.0,0.5398162536737511,0.31,1
0.4874712801254571,0.46,0.3501148794981716,0.23022975899634313,0.5,0.0,0.5449425602509143,0.22,1
0.5000919415844403,0.510367766337761,0.38302686138519915,0.16330268613851992,0.5,0.0,0.5000919415844403,0.4369731386148008,1
0.3679869650490727,0.5510065174754637,0.29704562232824544,0.3179869650490727,0.5,0.0,0.5120130349509273,0.22301955242639093,1
0.32709741153540667,0.38129223460622,0.32580517692918665,0.20419482307081335,0.5,0.0,0.5429025884645934,0.24580517692918666,1
0.43873447108698604,0.47650621156520556,0.3634937884347944,0.26524068265219164,0.5,0.0,0.5217468942173973,0.22,1
0.4022377630407107,0.5164475526081421,0.3964475526081422,0.17355244739185785,0.5,0.0,0.5035524473918579,0.26355244739185785,1
0.49,0.5521642806004616,0.35432856120092315,0.22350715819861522,0.5,0.0,0.5613428775981536,0.22,1
0.3165695012658439,0.4295099287522634,0.24328475063292193,0.1304900712477366,0.5,0.0,0.4337748218806585,0.24377482188065852,1
0.579881120223026,0.6688228445683478,0.3,0.28788344869064353,0.5,0.0,0.5455291378273391,0.2311771554316522,1
0.3283681295698136,0.31102087774188814,0.35469450365585087,0.17530549634414913,0.5,0.0,0.55,0.3220417554837763,1
0.29176014883253426,0.42,0.21522001860406678,0.1452200186040668,0.5,0.0,0.4073899906979666,0.22,1
0.47235545260002,0.44617772630001,0.3831406034666933,0.2693183297667033,0.5,0.0,0.5553925754333368,0.48088863150005,1
0.6507129960862557,0.6057220234824658,0.3864350195687216,0.29287003913744314,0.5,0.0,0.5735649804312783,0.27572202348246594,1
0.39340593977239097,0.4466485150569023,0.35659406022760903,0.18329703011380452,0.5,0.0,0.5267029698861955,0.28994554517070675,1
0.3594967456586667,0.38830195260480005,0.3116980473952,0.23,0.5,0.0,0.5138993491317333,0.23559739652693332,1
0.4780969189189728,0.5629757702702568,0.34916960810820247,0.19107268918922965,0.5,0.0,0.5240484594594864,0.22,1
0.3621884253959764,0.4,0.3708864962953058,0.1786980708993294,0.5,0.0,0.5113019291006706,0.22,1
0.3004408659153533,0.5,0.3401653247182575,0.26,0.5,0.0,0.5095591340846467,0.22,1
0.42285775458754093,0.43194827439546946,0.3919482743954694,0.37610345120906113,0.5,0.0,0.5109094801920715,0.49389654879093886,1
0.36501714744893665,0.5,0.38498285255106335,0.23752572117340504,0.5,0.0,0.4824399839287216,0.22,1
0.5286331605930443,0.5031658029652214,0.35726632118608853,0.1395678758486901,0.5,0.0,0.5186331605930443,0.22410051822086718,1
0.3969009880627291,0.45619802387454184,0.41690098806272907,0.17103300397909033,0.5,0.0,0.5369009880627291,0.2610330039790903,1
0.42600806038800554,0.5680644831040444,0.4,0.1399596980599722,0.5,0.0,0.49399193961199445,0.27802418116401667,1
0.42685263776050514,0.5231473622394949,0.37876490815966324,0.1719122703991581,0.5,0.0,0.51,0.22,1
0.5238702340505558,0.6616107021516673,0.35225953189888853,0.3893511702527787,0.5,0.0,0.5277404681011115,0.3129083616461098,1
0.39,0.5439868990504252,0.4729901742878189,0.2915114633308779,0.5,0.0,0.5287459059532579,0.562990174287819,1
0.5144303947314469,0.38886078946289376,0.4140928070247375,0.21147679824381563,0.5,0.0,0.47181438595052505,0.3340928070247375,1
0.489844750712619,0.5501293744061508,0.4099741251187698,0.18981887583138887,0.5,0.0,0.48002587488123016,0.3099482502375397,1
0.558310933911654,0.5116890660883461,0.39766218678233084,0.0823378132176692,0.6168906608834602,0.0,0.48870250574135365,0.2270134396530076,1
0.52,0.6520422793304901,0.360204227933049,0.25754926480341195,0.5,0.0,0.440408455866098,0.22,1
0.43130166225106215,0.42826033245021244,0.3469586701991503,0.24305368344596376,0.5,0.0,0.5395619947012746,0.412177672848513,1
0.49,0.5388559004081955,0.4081426500680326,0.19185734993196743,0.5,0.0,0.48,0.3007132503401629,1
0.4128751708995571,0.4518747151674048,0.32287517089955714,0.17474988606696193,0.5,0.0,0.5352501139330381,0.27949977213392385,1
0.6529714007742707,0.5948634673549072,0.38810793341936345,0.22864760051618044,0.5,0.0,0.5118920665806366,0.22,1
0.49979320311018127,0.46,0.39979320311018124,0.3361841405904229,0.5,0.0,0.5036090625197583,0.22,1
0.5278281072949035,0.45217189270509656,0.35565621458980695,0.20782810729490347,0.5,0.0,0.5217421609423553,0.26957026823725866,1
0.4117143274011456,0.36379590645681553,0.33,0.21138771937044662,0.5,0.0,0.5293061403147767,0.24759181291363108,1
0.4944761030677977,0.6222380515338989,0.30776194846610117,0.3189522061355954,0.5,0.0,0.5183570773008483,0.28164292269915175,1
0.37730602470181274,0.4550216788764342,0.3046120494036255,0.34191807410543823,0.5,0.0,0.5173060247018127,0.22,1
0.43222964118142576,0.4772129485232178,0.35944258970464354,0.26334446177213866,0.5,0.0,0.5211148205907129,0.22,1
0.42913340473270084,0.6947776587788319,0.43173319053459835,0.13782212702306557,0.5,0.0,0.49826680946540164,0.22,1
0.3467623604253554,0.39922647526584715,0.34739234452147516,0.3915470494683057,0.5,0.0,0.5033811802126777,0.29893939398978087,1
0.4727366552538967,0.2121743797720812,0.3515088964974022,0.17603558598960883,0.5,0.0,0.5084911035025979,0.2372633447461033,1
0.44397902069960343,0.26397902069960344,0.34,0.1497232768430271,0.5,0.0,0.5068511487713153,0.22,1
0.4108524549945404,0.5391475450054597,0.35251147299672425,0.16748852700327577,0.5,0.0,0.4983409819978162,0.22,1
0.4767412525550576,0.6267412525550575,0.37043356996853855,0.3667412525550575,0.5,0.0,0.5019580375393269,0.23195803753932684,1
0.37862549515970245,0.45824702904178516,0.37274900968059504,0.18862549515970248,0.5,0.0,0.5186254951597025,0.2958764854791074,1
0.35968497282893774,0.5890549184868134,0.3503150271710622,0.2757875679276556,0.5,0.0,0.5203150271710623,0.23547254075659335,1
0.4616539293508114,0.49708651766229717,0.42125955298689144,0.1716539293508114,0.5,0.0,0.5083460706491886,0.2741730353245943,1
0.3743017939976583,0.3935473090035126,0.36924551500585434,0.19075448499414566,0.5,0.0,0.5121508969988291,0.22860358799531655,1
0.48874420308313293,0.3028838174710865,0.34083719794457806,0.13334879177831221,0.5,0.0,0.519162802055422,0.2212557969168671,1
0.3200879299884264,0.3600219824971066,0.3399780175028934,0.189890087514467,0.5,0.0,0.5500439649942133,0.260109912485533,1
0.4754979030817545,0.45398322465403596,0.4545020969182455,0.2074895154087725,0.5,0.0,0.519004193836491,0.22,1
0.4725261793978264,0.43020943518261107,0.4574738206021736,0.19263089698913194,0.5,0.0,0.5249476412043472,0.22,1
0.35527887083977366,0.5758366125193211,0.3547211291602263,0.2868028229005658,0.5,0.0,0.5247211291602264,0.2420816937403395,1
0.5020150645385177,0.4469821108605102,0.4229896431297691,0.40701977220680446,0.5,0.0,0.5119962338653706,0.7580225968077765,1
0.4259852378765706,0.571412633066084,0.2872863024052432,0.16434946773566367,0.5,0.0,0.51,0.22,1
0.49973414216423817,0.46,0.3997341421642382,0.33604633171655574,0.5,0.0,0.5036878104476824,0.22,1
0.4137993842079451,0.44,0.33413374386136996,0.16793312806931504,0.5,0.0,0.542066871930685,0.2596656403465752,1
0.35,0.5442185417328612,0.3547395139109537,0.3157814582671388,0.5,0.0,0.5142185417328612,0.2868234026233239,1
0.4071553240542728,0.5174310648108545,0.3974310648108546,0.17256893518914543,0.5,0.0,0.5025689351891455,0.2625689351891454,1
0.41808736728473983,0.44095631635763005,0.3386068472186707,0.17,0.5,0.0,0.54,0.26904368364236997,1
0.6610573422352658,0.5563440534115949,0.34528671117632903,0.20422936894106322,0.5,0.0,0.6083692354120762,0.22,1
0.44892179355114004,0.7021122381224163,0.44211223812241635,0.1605170158367782,0.5,0.0,0.49314626979597276,0.22,1
0.5381063953798202,0.39360988360732607,0.35207093025321345,0.2543191861394605,0.5,0.0,0.51,0.23189360462017986,1
0.4951904385466033,0.5870239036334918,0.3129760963665082,0.2932860530805705,0.5,0.0,0.5025952192733016,0.44038087709320656,1
0.37364137914476864,0.4627172417104628,0.3477448270066901,0.19953793128284708,0.5,0.0,0.52,0.3031793104276157,1
0.3553112175539133,0.39026675790335424,0.33044459650559044,0.3900889193011181,0.5,0.0,0.49495554034944095,0.4353112175539133,1
0.48156385532451074,0.41843614467548923,0.35144548191556385,0.31566355425330844,0.5,0.0,0.5356635542533085,0.22,1
0.4904259902633353,0.4895740097366647,0.3998296038946659,0.20017039610533413,0.5,0.0,0.48051118831600237,0.26034079221066825,1
0.42047517954336044,0.28,0.33380143634688364,0.23427661589024407,0.5,0.0,0.3961773340636859,0.2580992818265582,1
0.34,0.40200076821995806,0.3,0.23,0.5,0.0,0.5120007682199581,0.22,1
0.3225725869730145,0.6732282239080957,0.40322822390809565,0.17,0.5,0.0,0.5235435521838087,0.22,1
0.4992498078409861,0.39791698693168986,0.4307501921590139,0.1956664104546481,0.5,0.0,0.467166794772676,0.35075019215901393,1
0.5185804056729524,0.6471608113459048,0.3514824340377143,0.3671608113459048,0.5,0.0,0.5214195943270477,0.33006283971066674,1
0.4164556827971286,0.46924052867145233,0.3713924229371619,0.14721515412567623,0.5,0.0,0.5186075770628381,0.36075947132854763,1
0.3423479298684564,0.3823479298684564,0.2911739649342282,0.3688260350657718,0.5,0.0,0.5074493099561521,0.33295621039463086,1
0.3618552506605839,0.49,0.3,0.2181447493394161,0.5,0.0,0.52,0.31,1
0.6555193636100729,0.61,0.39,0.28344190916978146,0.5,0.0,0.5534419091697814,0.2634419091697815,1
0.52650270631285,0.7044810558100502,0.4025135315642499,0.17251353156424992,0.5,0.0,0.5055189441899499,0.22,1
0.45156793420092356,0.7108959624005278,0.3504479812002639,0.15466401409980213,0.5,0.0,0.4844400234996702,0.22,1
0.4782812700687101,0.5629296824828225,0.3494922226202426,0.19121095255153256,0.5,0.0,0.524140635034355,0.22,1
0.47914306826074904,0.5817138634785018,0.35914306826074904,0.20542846586962546,0.5,0.0,0.5245715341303746,0.22,1
0.48248952670931944,0.6199916213674556,0.3299916213674556,0.2675020946581361,0.5,0.0,0.48501256794881664,0.2800167572650889,1
0.39494356329564706,0.5676410917608823,0.48764109176088233,0.2303386202261176,0.5,0.0,0.535056436704353,0.6073024715347647,1
0.46572787361824536,0.40572787361824536,0.42582298894596304,0.18,0.5,0.0,0.5129114944729816,0.22,1
0.460589210813793,0.61,0.376464735117242,0.34528631348965594,0.5,0.0,0.490589210813793,0.224713686510344,1
0.3583758541846563,0.5003248291630688,0.38967517083693126,0.22837585418465634,0.5,0.0,0.49870068334772505,0.22292346246761863,1
0.5093560879937098,0.5516097800157257,0.34839021998427433,0.16579520805661227,0.5,0.0,0.5096780439968549,0.4687121759874195,1
0.6335006154499048,0.6464993845500953,0.34307221986416325,0.2556425933786123,0.5,0.0,0.530856791171483,0.22,1
0.4808134690487167,0.46,0.37674612380513317,0.28349224761026637,0.5,0.0,0.5316269380974334,0.22,1
0.5289078962942093,0.41952894518810696,0.4026552622234744,0.406723688882628,0.5,0.0,0.5253105244469488,0.7118842192475723,1
0.5164530283044793,0.51,0.36150521907728006,0.13301043815456018,0.5,0.0,0.5184947809227199,0.22,1
0.3988607929332905,0.5578480176667737,0.4778480176667737,0.20683524240025686,0.5,0.0,0.5311392070667095,0.6210127752665169,1
0.58,0.53,0.34677999867443926,0.2331520021208972,0.5,0.0,0.5133559997348879,0.22,1
0.49,0.5454439201873883,0.3494937689097098,0.22898753781941963,0.5,0.0,0.5689875378194196,0.22,1
0.4633697268394465,0.4033697268394465,0.4069578147155718,0.18,0.5,0.0,0.5034789073577859,0.22,1
0.4403364082258509,0.4098317958870746,0.3996635917741491,0.18983179588707455,0.5,0.0,0.49,0.22,1
0.5075110191630945,0.7450044076652378,0.3799911846695244,0.14124889808369057,0.5,0.0,0.4624977961673811,0.22,1
0.4373920025770183,0.6125119997136647,0.3699520011453415,0.3248800028633536,0.5,0.0,0.4950239994273293,0.22,1
0.37703719679001135,0.5029628032099887,0.3583326144449488,0.18351859839500567,0.5,0.0,0.5135185983950057,0.2840743935800228,1
0.31670554495811337,0.3616472275209433,0.2997667302513199,0.3915305926466032,0.5,0.0,0.49670554495811337,0.40164722752094334,1
0.43942067428532394,0.6776322095244601,0.41115865142935215,0.12410576761956808,0.5,0.0,0.5188413485706479,0.22,1
0.5220874286342566,0.7353879995602035,0.3804371431712832,0.1504371431712832,0.5,0.0,0.47461200043979646,0.22,1
0.5378640827561109,0.5504271834487778,0.41786408275611087,0.21914563310244436,0.5,0.0,0.4821359172438891,0.22,1
0.386337237830137,0.6002903838684931,0.336337237830137,0.176337237830137,0.5,0.0,0.497325524339726,0.22,1
0.5017918476267483,0.55,0.41235836952534966,0.19707510857604899,0.5,0.0,0.48,0.288774674271853,1
0.3736835232965474,0.38710766846208405,0.37079119175863146,0.18920880824136854,0.5,0.0,0.5026329534069052,0.22,1
0.5063969839709861,0.6273283066183102,0.33279396794197214,0.35639698397098607,0.5,0.0,0.5109313226473241,0.38080904808704175,1
0.4128839414106711,0.5342321171786578,0.3928839414106711,0.1913481757679867,0.5,0.0,0.507116058589329,0.2315357656426844,1
0.5119238304971324,0.6419238304971324,0.3583847660994265,0.2519238304971324,0.5,0.0,0.45292187120458816,0.22,1
0.47234717918153113,0.4593887167261245,0.44234717918153116,0.21086794795382785,0.5,0.0,0.5214792312277033,0.22,1
0.3461409519882632,0.3251453973489824,0.3138590480117368,0.16385904801173679,0.5,0.0,0.5587136506627545,0.22514539734898237,1
0.3929707676791073,0.362925035811396,0.35764167860379864,0.13882083930189934,0.5,0.0,0.5376416786037987,0.22,1
0.4114065067659217,0.5157032533829609,0.40859349323407834,0.1528130135318434,0.5,0.0,0.47851626691480426,0.25570325338296085,1
0.45167689985135034,0.5808384499256751,0.31368682148166055,0.3372626357036679,0.5,0.0,0.5,0.3998889927403467,1
0.3475851754013438,0.38938075443811876,0.30455110524080625,0.23,0.5,0.0,0.503931859678925,0.22,1
0.2050585886764192,0.5822949396325328,0.4645898792650655,0.27229493963253276,0.5,0.0,0.5175878830146289,0.24276364904388645,1
0.5008462899961257,0.46761660996513155,0.4140759700271199,0.3064593600619884,0.5,0.0,0.5557685500193714,0.5432296800309943,1
0.5132810375619841,0.6521350626033068,0.43671896243801595,0.15656207512396805,0.5,0.0,0.48541610016529074,0.27572987479338656,1
0.4803004153167223,0.4454506229750835,0.34484979234163887,0.2633477157580273,0.5,0.0,0.5451502076583612,0.22,1
0.5461356161139945,0.4035253436010193,0.38420342417099174,0.461627168246988,0.5,0.0,0.5,0.8042374407599632,1
0.48,0.4763032447106028,0.4180409043247399,0.2573935105787944,0.5,0.0,0.5191311701929315,0.22,1
0.39868158908522666,0.3155306848579556,0.33,0.23,0.5,0.0,0.4468490957727289,0.23157545211363553,1
0.5346901683196921,0.4061360494944626,0.34979344554646136,0.2440705049590761,0.5,0.0,0.51,0.23530983168030797,1
0.4778204301464089,0.3262394264714548,0.3359401433821363,0.14623942647145483,0.5,0.0,0.5321795698535912,0.22,1
0.48964581405914465,0.48787488435486803,0.40177092970427664,0.19893744217743403,0.5,0.0,0.48,0.2638960453494086,1
0.40205393275203977,0.5836608785236544,0.36946435140946177,0.32366087852365444,0.5,0.0,0.5110712971810765,0.23580347288580733,1
0.47695991457798803,0.43521993593349106,0.36043987186698206,0.32695991457798806,0.5,0.0,0.5313001067775149,0.22,1
0.49732669316030154,0.5816832670992461,0.31831673290075385,0.274059761557286,0.5,0.0,0.5036633465801508,0.4446533863206031,1
0.39129771466824903,0.5251526662203762,0.3148473337796239,0.29870228533175097,0.5,0.0,0.5135496191113749,0.22,1
0.3920683198315964,0.5160910931087952,0.3780455465543976,0.2358633603368072,0.5,0.0,0.46218218621759044,0.22,1
0.58,0.53,0.3779218631773787,0.18332501891619407,0.5,0.0,0.5195843726354757,0.22,1
0.30045818394214896,0.3697709080289255,0.3972508963471061,0.4483963562024786,0.5,0.0,0.48045818394214895,0.40977090802892546,1
0.39927661660493924,0.5689840177816347,0.4936223260841043,0.27217555929398274,0.5,0.0,0.5376808458487652,0.6039149249074088,1
0.464112422666678,0.5911686340000171,0.33528105666669505,0.19822484533335608,0.5,0.0,0.517056211333339,0.22,1
0.49,0.46257600620989925,0.34028622291221106,0.21057244582442203,0.5,0.0,0.5505724458244221,0.22,1
0.4663410286410436,0.5659147428397391,0.3285968001218263,0.1822557714807827,0.5,0.0,0.5181705143205219,0.22,1
0.4924221627111704,0.45724442280406197,0.41724442280406193,0.32551115439187606,0.5,0.0,0.5551777399071085,0.5444888456081239,1
0.4838333040828538,0.41616669591714617,0.3517291630103567,0.3148125109689298,0.5,0.0,0.5348125109689299,0.22,1
0.5265975944462581,0.7038168388761933,0.4029879722312905,0.1729879722312905,0.5,0.0,0.5061831611238068,0.22,1
0.5118310124833598,0.6618310124833598,0.3503822785809373,0.4018310124833598,0.5,0.0,0.5270221517738285,0.2570221517738284,1
0.35979615781592583,0.4098980789079629,0.30494903945398144,0.28938847344777746,0.5,0.0,0.5149490394539815,0.22,1
0.49322482759495223,0.5242013792403819,0.42289931037980905,0.1738758620252387,0.5,0.0,0.4961241379747613,0.31322482759495224,1
0.44171024972090267,0.22535216796912078,0.3904829171318288,0.27706241769002343,0.5,0.0,0.5121931668527315,0.2317102497209027,1
0.3599350539941154,0.5898051619823463,0.35006494600588456,0.2751623650147114,0.5,0.0,0.5200649460058846,0.23509741900882686,1
0.29036236425938583,0.2612078808646195,0.42891290722184244,0.1702415761729239,0.5,0.0,0.55,0.2995168476541522,1
0.6405836795865761,0.6288326408268479,0.4041244806201359,0.2435020775194565,0.5,0.0,0.5558755193798641,0.2752918397932881,1
0.5406417190476117,0.5073395702380971,0.3706417190476117,0.11669785119048537,0.5,0.0,0.5066978511904854,0.22,1
0.4891752134142562,0.4808247865857438,0.43776638211432506,0.26975925812844354,0.5,0.0,0.5038831910571625,0.22,1
0.482877449121136,0.6191509796484543,0.34339608140618244,0.35,0.5,0.0,0.5083019592969088,0.24287744912113599,1
0.43786911002117734,0.4972146601270642,0.37,0.1436073300635321,0.5,0.0,0.5036073300635321,0.22,1
0.37424530382317706,0.494811050298698,0.29849060764635416,0.33273591146953124,0.5,0.0,0.5142453038231771,0.22,1
0.4260125262243617,0.5169937368878191,0.3909812106634575,0.16398747377563833,0.5,0.0,0.5030062631121809,0.24797494755127664,1
0.40042346410300494,0.7051058660257512,0.443474488034335,0.1532627559828325,0.5,0.0,0.48489413397424874,0.22,1
0.4782399730567533,0.6941163709845218,0.4341163709845218,0.17117817202063756,0.5,0.0,0.5064727150257969,0.22,1
0.4919414249441963,0.5575732188197546,0.36951464376395093,0.1966025063476565,0.5,0.0,0.529514643763951,0.22,1
0.3768747650517772,0.6543738252588861,0.3331252349482228,0.19500187958578225,0.5,0.0,0.51,0.22,1
0.45997904000746304,0.5124738000093287,0.42501047999626845,0.16748428000559726,0.5,0.0,0.5100209599925369,0.2874842800055973,1
0.47073416647225175,0.5648164583819371,0.3362847913264405,0.1855506248541888,0.5,0.0,0.5203670832361259,0.22,1
0.5089078264797232,0.7436616151312704,0.3668308075656352,0.1423768943257736,0.5,0.0,0.46396149054295605,0.22,1
0.43703527736932396,0.5089725620460814,0.44098824087689203,0.19407055473864793,0.5,0.0,0.5320156788308107,0.6269568832152708,1
0.37249656273152987,0.5,0.37750343726847013,0.2487448440972948,0.5,0.0,0.45626203043964547,0.22,1
0.5417413121178183,0.6476340622876768,0.3,0.3217855003397171,0.5,0.0,0.5370536249150708,0.2523659377123232,1
0.5207182512878228,0.46359125643911386,0.34143650257564556,0.1949722409852406,0.5,0.0,0.5107182512878228,0.24784524613653167,1
0.46396721560711174,0.41,0.44190164682133515,0.18,0.5,0.0,0.5360327843928884,0.22,1
0.35942188466900427,0.36710942334502145,0.3288437693380086,0.14115623066199146,0.5,0.0,0.5694218846690042,0.30479696202103856,1
0.43046389188022666,0.4902319459401133,0.4055798648502833,0.14534791891017,0.5,0.0,0.5151159729700566,0.3141881892096034,1
0.32291154295019625,0.39446648159277303,0.3192225306787116,0.16446648159277305,0.5,0.0,0.5236890122714847,0.22,1
0.3169666258956343,0.38720368105313013,0.27952588968500824,0.21720368105313015,0.5,0.0,0.4972036810531302,0.22,1
0.5016902864623531,0.55,0.37492914061294064,0.17246457030647033,0.5,0.0,0.4975354296935297,0.4035222916988249,1
0.5036767561562205,0.55,0.3689697315313382,0.16948486576566912,0.5,0.0,0.5005151342343309,0.4194140492497646,1
0.44066593910150204,0.23022561752632384,0.3922234348308299,0.28089155662782583,0.5,0.0,0.512889373932332,0.23066593910150204,1
0.6116382367637871,0.5581228771233664,0.3510921578425248,0.2529692807191584,0.5,0.0,0.51,0.22,1
0.4047501264397043,0.42275001404885604,0.3210000561954241,0.3417499578534319,0.5,0.0,0.5255000280977121,0.22,1
0.3189549595960539,0.36418016161578426,0.3368648787881618,0.18790991919210787,0.5,0.0,0.5468648787881618,0.25581983838421574,1
0.5552382886892103,0.5423808556553948,0.40476171131078964,0.20476171131078966,0.5,0.0,0.4952382886892103,0.22,1
0.4711322132215284,0.5264152665269105,0.4194338933892358,0.17584915991614627,0.5,0.0,0.4988677867784716,0.2958491599161463,1
0.37763802617706965,0.511527605235414,0.39152760523541397,0.17847239476458607,0.5,0.0,0.508472394764586,0.26847239476458606,1
0.519137440302114,0.6772843600755285,0.4159265401132927,0.17913744030211393,0.5,0.0,0.5313578199622357,0.22,1
0.6456400565287949,0.6187198869424102,0.3965399152068077,0.2738403391727693,0.5,0.0,0.5634600847931923,0.27782002826439745,1
0.45749160131877287,0.5812374019781593,0.31872900329693216,0.18498320263754575,0.5,0.0,0.5137458006593865,0.22,1
0.358228999763576,0.538228999763576,0.32531300070927205,0.32588550011821205,0.5,0.0,0.504114499881788,0.2788550011821201,1
0.4118287172340906,0.4322569241488641,0.42,0.18774307585113592,0.5,0.0,0.5104282069147735,0.2363425655318188,1
0.500967469671246,0.616451204506869,0.3,0.345483734835623,0.5,0.0,0.516451204506869,0.3422602426300321,1
0.4478711763398277,0.4740429412200574,0.3540429412200574,0.24510735305014358,0.5,0.0,0.5289355881699139,0.22,1
0.45171883998757884,0.16070290003105292,0.3558594199937894,0.19964854998447354,0.5,0.0,0.5,0.24378912999068414,1
0.5563286862382376,0.6557381590212431,0.3,0.308818945566011,0.5,0.0,0.5402952636084972,0.24426184097875692,1
0.46263826490883203,0.41,0.437914794726496,0.18,0.5,0.0,0.537361735091168,0.22,1
0.38290619369639844,0.38064070945540235,0.34773451575900394,0.21226548424099606,0.5,0.0,0.5164530968481992,0.24581238739279684,1
0.4298278705047039,0.5201721294952961,0.37678141966353074,0.16695354915882687,0.5,0.0,0.51,0.22,1
0.4856551243120241,0.49,0.4217243784398795,0.21303462706392767,0.5,0.0,0.49303462706392764,0.24262049724809645,1
0.38302420949584387,0.48395158100831226,0.4030242094958439,0.1756585968347187,0.5,0.0,0.5230242094958439,0.2656585968347187,1
0.4264158277826954,0.49075251665191383,0.3653762583259569,0.2492474833480862,0.5,0.0,0.5182079138913477,0.22,1
0.34553050681846825,0.6409738512984557,0.36446949318153177,0.22203486493539232,0.5,0.0,0.51,0.22,1
0.3743355991673946,0.40173423966695787,0.3834684793339157,0.18173423966695784,0.5,0.0,0.5082657603330422,0.22,1
0.3948594944010838,0.6515421516796749,0.38154215167967487,0.17,0.5,0.0,0.5669156966406502,0.22,1
0.5139227704766876,0.5446838287829584,0.3446838287829583,0.23797425682556253,0.5,0.0,0.5540514863488749,0.22,1
0.30656235371842777,0.36671882314078613,0.3606258776894334,0.4270317619855028,0.5,0.0,0.48656235371842776,0.4067188231407861,1
0.46554224798547267,0.613694831990315,0.3781525840048425,0.34168662802179106,0.5,0.0,0.48538146001210614,0.22,1
0.5176043198624052,0.6342246221457807,0.3,0.3432406045667509,0.5,0.0,0.5316898488583123,0.26577537785421934,1
0.38388664834815484,0.6694447645216922,0.333331412869847,0.166668587130153,0.5,0.0,0.5116657064349235,0.22,1
0.5342227742537702,0.407849827736176,0.3494818495025135,0.24266832276131053,0.5,0.0,0.51,0.23577722574622983,1
0.34312453858933467,0.41687546141066534,0.30187472315360075,0.23,0.5,0.0,0.5293750922821331,0.2224996308714677,1
0.4118011502760343,0.5418011502760344,0.3887992331493105,0.2003001917126724,0.5,0.0,0.5103001917126724,0.22,1
0.31984050396107855,0.5776564409434659,0.23109203150880625,0.13937423622613612,0.5,0.0,0.51,0.22,1
0.39894514838384043,0.5614908580639735,0.33403656774410645,0.1785091419360266,0.5,0.0,0.4929817161279468,0.22,1
0.6040147696372362,0.5574454510139842,0.3505840882604882,0.2737227255069921,0.5,0.0,0.5305840882604882,0.2405840882604882,1
0.6635457741988193,0.5712746451929157,0.3577288709940964,0.2141830967952771,0.5,0.0,0.580996483812988,0.22,1
0.535660740588913,0.4313214811778259,0.38578567921478274,0.21855358019630433,0.5,0.0,0.5284286415704346,0.3057856792147827,1
0.5372422909729139,0.44206828177031465,0.3848259907974009,0.2144845819458276,0.5,0.0,0.5393105727432285,0.30137885451354307,1
0.3275237162655681,0.30876185813278406,0.3268572128008239,0.1768572128008239,0.5,0.0,0.554380929066392,0.26495256746886375,1
0.3836899231414224,0.6694728681226539,0.3331627912640764,0.16683720873592367,0.5,0.0,0.5115813956320382,0.22,1
0.3835751855532193,0.51,0.4035751855532193,0.1573746907446345,0.5,0.0,0.4828496288935614,0.2609498762978538,1
0.5380846627077817,0.5079788343230546,0.3680846627077816,0.11989417161527298,0.5,0.0,0.509894171615273,0.22,1
0.29679787450225875,0.5129338056661648,0.37706619433383526,0.18586761133232943,0.5,0.0,0.47173522266465895,0.31,1
0.37557313880505094,0.41114627761010186,0.3716402917924236,0.17442686119494907,0.5,0.0,0.5211462776101019,0.22,1
0.42068988157330917,0.5255190525864735,0.4,0.1665505921334541,0.5,0.0,0.4993101184266908,0.26206964471992755,1
0.33603494926266236,0.5257392494733303,0.31426075052666974,0.29088709936799634,0.5,0.0,0.51,0.22,1
0.3561698190762306,0.36463774670672283,0.3307660361847539,0.14383018092376942,0.5,0.0,0.5684679276304921,0.3092339638152461,1
0.45333835618694546,0.49221050223046064,0.432225570791297,0.1611127853956485,0.5,0.0,0.515548858417406,0.29001506856083636,1
0.21347045777501233,0.5964078779266634,0.4874275727433218,0.2908980305183341,0.5,0.0,0.5117960610366683,0.22269409155500247,1
0.6309964366937028,0.6466785443543241,0.4173428354834593,0.18066429112913518,0.5,0.0,0.5426571645165408,0.2683392721771621,1
0.5285631095505391,0.41545630740873496,0.4047378621840044,0.4418640812850824,0.5,0.0,0.5053592226123652,0.7978446643258085,1
0.497210159010198,0.46,0.39721015901019796,0.3301570376904619,0.5,0.0,0.507053121319736,0.22,1
0.45576482722604367,0.4070586212899273,0.37858827574201454,0.17152965445208726,0.5,0.0,0.4885882757420145,0.22,1
0.5309146379223223,0.44908536207767774,0.3618292758446446,0.2109146379223223,0.5,0.0,0.5263719568834835,0.2772865948058057,1
0.39,0.3351560097192646,0.33,0.23,0.5,0.0,0.47644501214908075,0.22515600971926464,1
0.34161549184921586,0.378527564442185,0.31087927407030835,0.3861758548140617,0.5,0.0,0.49691207259296916,0.4216154918492158,1
0.35704382990510214,0.3917518542043732,0.33291975700728876,0.39058395140145774,0.5,0.0,0.49470802429927113,0.4370438299051021,1
0.49,0.5530685263540095,0.3561370527080189,0.2207944209379717,0.5,0.0,0.5577258945839623,0.22,1
0.4208217999326126,0.46196366677897893,0.36557093342318314,0.15885813315363367,0.5,0.0,0.5244290665768169,0.36803633322102103,1
0.4136475279621704,0.750881180094574,0.3411321770141861,0.2770440590047287,0.5,0.0,0.5070440590047287,0.4056608850709305,1
0.49909909291372595,0.6360660619424839,0.366966969028758,0.2913513606294111,0.5,0.0,0.45741742257189505,0.22,1
0.35344763879416685,0.3260685832765001,0.37475811103533346,0.1552418889646665,0.5,0.0,0.55,0.3521371665530002,1
0.3857408513490664,0.5205926810792532,0.39,0.21455548919056017,0.5,0.0,0.5051481702698133,0.22,1
0.4660773762776405,0.4060773762776405,0.42861901022112414,0.18,0.5,0.0,0.5143095051105621,0.22,1
0.37971388408877677,0.38028611591122324,0.32382833045326603,0.23,0.5,0.0,0.5220572231822447,0.2517711072710214,1
0.3199256805897357,0.36029727764105723,0.3397770417692071,0.18985136117947138,0.5,0.0,0.5497770417692072,0.25970272235894276,1
0.530095099141103,0.4099049008588971,0.3985306717966702,0.42308130511831404,0.5,0.0,0.5028435572655567,0.8058297632427678,1
0.42843705298659884,0.5143752980089341,0.4084370529865988,0.16718764900446706,0.5,0.0,0.5056247019910659,0.2656247019910659,1
0.3246843171390607,0.5176316550993291,0.3223683449006709,0.2811579861191949,0.5,0.0,0.51,0.22,1
0.5019541404177782,0.45396560531333363,0.3979312106266672,0.35195414041777817,0.5,0.0,0.5000573244777773,0.22,1
0.39454898458453985,0.5284117384384049,0.39,0.19227449229226995,0.5,0.0,0.51,0.23931376926932518,1
0.45642908260797055,0.4382145413039853,0.3619054434772941,0.24011998478127933,0.5,0.0,0.5527381804346618,0.44107270651992636,1
0.3946366346019896,0.4446366346019896,0.38245644221392733,0.16463663460198963,0.5,0.0,0.5453633653980104,0.23854653840795847,1
0.3829510490020403,0.5811468529938791,0.34,0.2046713284928589,0.5,0.0,0.4970489509979597,0.22,1
0.26517140035629455,0.5170938856124873,0.3406408284187309,0.22,0.5,0.0,0.5335469428062437,0.31,1
0.4952359804192435,0.5266962741305912,0.3628317650309219,0.329528039161513,0.5,0.0,0.531415882515461,0.4928317650309219,1
0.46737799756270604,0.6102622002437293,0.3205244004874588,0.26947559951254124,0.5,0.0,0.5002622002437294,0.29790239805016483,1
0.40127857249790244,0.44553428699748293,0.33127857249790243,0.3116985695037756,0.5,0.0,0.52,0.22,1
0.40084326649108426,0.44873510026337365,0.42,0.17126489973662634,0.5,0.0,0.5378918337722894,0.25831346701783153,1
0.5043313249390848,0.5552228916869718,0.36363052224929565,0.20955421662605656,0.5,0.0,0.5268152611246478,0.22,1
0.4266499137955705,0.4813400344817718,0.3606700172408859,0.26,0.5,0.0,0.5139698448320269,0.22,1
0.3869087409526381,0.47763496381055237,0.3216388133315334,0.19,0.5,0.0,0.52,0.3069087409526381,1
0.30355240265858846,0.28710480531717697,0.3690141880363519,0.1835524026585885,0.5,0.0,0.55,0.3,1
0.5434565962145731,0.487366028917002,0.3360905672975712,0.22345659621457312,0.5,0.0,0.51,0.23827170189271346,1
0.35591138883111273,0.47568986090889454,0.3,0.22204430558444363,0.5,0.0,0.5220443055844437,0.2916012497400073,1
0.37,0.5616005232666093,0.29828608804757806,0.30839947673339074,0.5,0.0,0.51,0.22,1
0.49,0.48696645164150143,0.3429962724046113,0.21599254480922253,0.5,0.0,0.5559925448092226,0.22,1
0.3370123415001681,0.5,0.35387962806256307,0.26,0.5,0.0,0.4729876584998319,0.22,1
0.40299984781985126,0.5165999695639703,0.39659996956397026,0.17340003043602975,0.5,0.0,0.5034000304360298,0.2634000304360298,1
0.49,0.5548422557658998,0.3596845115317997,0.21547323270230048,0.5,0.0,0.5506309769364006,0.22,1
0.3607859262134446,0.6278977775313332,0.34921407378655545,0.23946962995822235,0.5,0.0,0.51,0.22,1
0.3959729850298781,0.4800450249502032,0.3059729850298781,0.18601800998008128,0.5,0.0,0.5239819900199187,0.30203601996016255,1
0.6609324005012951,0.61,0.39,0.26720279849611484,0.5,0.0,0.5372027984961149,0.24720279849611487,1
0.3945287540128484,0.3663678114967879,0.35455171724518186,0.14544828275481816,0.5,0.0,0.541816094251606,0.22,1
0.48598304541935233,0.44196609083870464,0.45,0.1610254318709715,0.5,0.0,0.49495761354838086,0.3550423864516192,1
0.4921675931172769,0.5696536963581231,0.326011117407323,0.33566481376544616,0.5,0.0,0.5130055587036615,0.45601111740732303,1
0.6411952101318485,0.6276095797363029,0.4032071848022272,0.24717126079109103,0.5,0.0,0.5567928151977728,0.2755976050659243,1
0.4560513926748797,0.6448715183128007,0.3252307277469201,0.2717435759156401,0.5,0.0,0.50174357591564,0.3261536387346005,1
0.5239121710158547,0.4795608550792734,0.34782434203170937,0.17261480288901732,0.5,0.0,0.5139121710158547,0.238263486952436,1
0.4464255585873248,0.4964255585873248,0.429285111717465,0.16071488828253505,0.5,0.0,0.5214297765650701,0.27857022343492993,1
0.48796423604935585,0.5605089409876611,0.3664374130863728,0.19847317703701692,0.5,0.0,0.528982118024678,0.22,1
0.2592231690114412,0.5152913116207095,0.3501942077471397,0.23961158450572062,0.5,0.0,0.5252913116207095,0.2658739348621286,1
0.3611220801145745,0.627609645616079,0.34887791988542555,0.23985380584522797,0.5,0.0,0.51,0.22,1
0.5041517169266476,0.45561378769498573,0.40122757538997134,0.3541517169266476,0.5,0.0,0.49731035384169053,0.22,1
0.3962947328787599,0.36592631678031,0.35388947517046504,0.14611052482953496,0.5,0.0,0.542036841609845,0.22,1
0.39018933323002486,0.5251419999225186,0.39,0.19009466661501243,0.5,0.0,0.51,0.24476333346246892,1
0.6464149382823254,0.6171701234353492,0.3953775925765119,0.27848962969395236,0.5,0.0,0.564622407423488,0.27820746914116273,1
0.28917704770501906,0.29513715871583013,0.3310972697266413,0.1159601110108111,0.5,0.0,0.5251371587158302,0.23541147614749047,1
0.37609123611723205,0.505431572912076,0.388477190970692,0.17238595485345995,0.5,0.0,0.51,0.2821824722344641,1
0.42,0.24996551458544466,0.33750862135363885,0.17743965052452815,0.5,0.0,0.4725948348900272,0.22996551458544467,1
0.3899350166819864,0.491447138090861,0.3771707071362915,0.24282929286370847,0.5,0.0,0.508552861909139,0.22,1
0.4262404230957465,0.457519153808507,0.37626596150708913,0.12125319230141782,0.5,0.0,0.4762404230957465,0.2237595769042535,1
0.5005069166196323,0.55,0.37847925014110306,0.17423962507055155,0.5,0.0,0.49576037492944847,0.39405533295705847,1
0.4392086153004042,0.5052516918024252,0.37,0.1476258459012126,0.5,0.0,0.5076258459012126,0.22,1
0.541118442725555,0.5399340154700051,0.425592213627775,0.212170900921115,0.5,0.0,0.478881557274445,0.22,1
0.4878817076021882,0.560529573099453,0.36629298830382934,0.19841128070164116,0.5,0.0,0.5289408538010941,0.22,1
0.5928763165305617,0.5332190791326404,0.3316095395663202,0.2503427626020787,0.5,0.0,0.5277049352295223,0.22,1
0.41766951276136705,0.5231073163181773,0.39533902552273414,0.17077682907954433,0.5,0.0,0.4992231709204557,0.2568926836818228,1
0.397291813371628,0.704322953342907,0.44243060445720933,0.15378469777139533,0.5,0.0,0.485677046657093,0.22,1
0.5212064298667513,0.6536192896002537,0.36723857920050734,0.2515549909327414,0.5,0.0,0.45085786880076106,0.22,1
0.4405128675220327,0.6045055146522997,0.4075091910871662,0.12150183821743324,0.5,0.0,0.483992647130267,0.29450551465229974,1
0.3529380819171462,0.4928247672331415,0.31129906893256604,0.21435046553371698,0.5,0.0,0.5115256983005755,0.31,1
0.5039738464460306,0.46,0.4039738464460305,0.34593897504073795,0.5,0.0,0.4980348714052926,0.22,1
0.4716537969575746,0.371154010141418,0.39503860912727623,0.16057700507070902,0.5,0.0,0.5322308020282837,0.22,1
0.3945927926483443,0.35622162205496716,0.33,0.23,0.5,0.0,0.5000978985238415,0.26,1
0.32759275222650774,0.36189818805662693,0.3381018119433731,0.18050905971686532,0.5,0.0,0.5537963761132539,0.2694909402831347,1
0.39,0.44,0.28789446216240666,0.12451112123566092,0.5,0.0,0.4701500227802371,0.2643610984554238,1
0.49,0.5558891625426482,0.3617783250852964,0.21233251237205544,0.5,0.0,0.5464433498294072,0.22,1
0.5904584545559608,0.5392964040497429,0.3369723030373072,0.25767589898756427,0.5,0.0,0.51,0.22,1
0.46043316448967764,0.61,0.37740101306193413,0.3465346840825788,0.5,0.0,0.49043316448967766,0.22346531591742114,1
0.37474167573555706,0.6437083786777853,0.33525832426444296,0.21206659411554346,0.5,0.0,0.51,0.22,1
0.4832088230617973,0.5312461761432581,0.3580373530814608,0.1519626469185392,0.5,0.0,0.51,0.43785058767415674,1
0.5216275117598508,0.6548825352795522,0.35674497648029857,0.37813755879925354,0.5,0.0,0.5232550235197014,0.32860741768104507,1
0.39157285850884704,0.3273785691519216,0.33,0.23,0.5,0.0,0.4658057106430745,0.22209714467846275,1
0.5184590449654093,0.664612059953879,0.40653555245964407,0.19384698501153025,0.5,0.0,0.5280765074942348,0.22,1
0.5736886667631955,0.5226367778903948,0.375792444508797,0.1821037777456015,0.5,0.0,0.5189481111271993,0.22315566661840225,1
0.4990373182623872,0.4777014539009027,0.44614927304954866,0.14481340868806422,0.5,0.0,0.5251865913119358,0.3190373182623872,1
0.47252416557658805,0.494368958605853,0.41310687581755895,0.18252416557658807,0.5,0.0,0.4974758344234119,0.268737917211706,1
0.6567011785163297,0.5609960716122344,0.3487968572897875,0.19780078567755313,0.5,0.0,0.6112031427102125,0.22549803580611716,1
0.28427641142308424,0.37856367618590353,0.27141461713462633,0.1742872647628193,0.5,0.0,0.49427641142308426,0.22,1
0.36,0.35698142580330383,0.3462732177458703,0.14325464354917405,0.5,0.0,0.5634907129016519,0.32627321774587026,1
0.43375399265700304,0.43208200244766565,0.3431230036714985,0.20791799755233434,0.5,0.0,0.5468769963285016,0.38958998776167175,1
0.4673009042591187,0.4854326300206855,0.43089969858029376,0.25460180851823744,0.5,0.0,0.5454670685596084,0.5899655614610771,1
0.3673941149374733,0.3667705878482105,0.3138529392410524,0.2784411822768429,0.5,0.0,0.513541175696421,0.30521177012505335,1
0.4374004645169856,0.7028002654382776,0.3464001327191388,0.15769990046064597,0.5,0.0,0.48949983410107656,0.22,1
0.45821158616247015,0.6120906797839157,0.42015113297319295,0.1240302265946386,0.5,0.0,0.47387909362144565,0.3020906797839158,1
0.3793452875845446,0.44607172550726776,0.37032735620772766,0.18869057516908927,0.5,0.0,0.5209820686231831,0.3019641372463661,1
0.3520143441836694,0.5219426232653223,0.3399282790816528,0.30784221397963624,0.5,0.0,0.5040286883673388,0.3179856558163306,1
0.46960091285540334,0.47009977178614915,0.3847505705346271,0.3095011410692542,0.5,0.0,0.5051496576792237,0.22,1
0.3855284609180048,0.45,0.38382115229501196,0.1844715390819952,0.5,0.0,0.5255284609180049,0.2889430781639904,1
0.3825263808839827,0.42,0.22656579761049786,0.15656579761049785,0.5,0.0,0.40171710119475107,0.22,1
0.5702584759642463,0.5348707620178769,0.3897415240357537,0.1897415240357537,0.5,0.0,0.5102584759642463,0.22,1
0.4142916527605834,0.7085729131901458,0.44809721758686116,0.15095139120656942,0.5,0.0,0.48142708680985413,0.22,1
0.2627003911142706,0.35987808197776605,0.23128923654601835,0.18705577284126146,0.5,0.0,0.4698780819777661,0.22,1
0.4101361689916869,0.7075340422479217,0.4467120563305623,0.15164397183471884,0.5,0.0,0.48246595775207823,0.22,1
0.5298669197505399,0.46046578087311063,0.35980037962580974,0.4263783261261696,0.5,0.0,0.5,0.6957794650035989,1
0.4242140642705138,0.28,0.3637125141641103,0.2679265784346241,0.5,0.0,0.4447828355166793,0.24314374291794486,1
0.25,0.370628677511643,0.21705304606976528,0.16821218427906112,0.5,0.0,0.4452652303488264,0.22,1
0.36964924343043903,0.6712938445711951,0.340350756569561,0.17,0.5,0.0,0.51,0.22,1
0.30561847473685283,0.2912369494737057,0.35971686368416217,0.18561847473685286,0.5,0.0,0.55,0.3,1
0.33953762696072526,0.34092474607854945,0.31,0.1626155932598187,0.5,0.0,0.5495376269607253,0.22,1
0.3175514140982723,0.36122429295086383,0.2946915154103661,0.3885700506560469,0.5,0.0,0.4975514140982723,0.40122429295086387,1
0.5194012736147254,0.4605987263852746,0.3411974527705492,0.2,0.5,0.0,0.5094012736147254,0.2501995754617582,1
0.6250398481773255,0.6449442125517444,0.34507172671918585,0.2850239089063953,0.5,0.0,0.5600159392709302,0.25004781781279056,1
0.6187894215898204,0.623094611815569,0.4110315372718563,0.18,0.5,0.0,0.5355157686359282,0.25878942158982043,1
0.435884350193761,0.48588435019376097,0.4271768700387522,0.16282312996124781,0.5,0.0,0.5256462599224956,0.2743537400775044,1
0.4125211354033761,0.5274788645966239,0.44891951339855307,0.14594267630795804,0.5,0.0,0.5196398377995177,0.6630613787040996,1
0.45435321383284316,0.5765298207492647,0.3108830345821079,0.17870642766568634,0.5,0.0,0.5121766069164216,0.22,1
0.39039644222904957,0.5600660737048416,0.3397357051806337,0.1799339262951584,0.5,0.0,0.4901321474096832,0.22,1
0.5190726710222912,0.7496290684089164,0.3707418631821671,0.1400927328977709,0.5,0.0,0.4601854657955418,0.22,1
0.4748548593831611,0.44883887506528886,0.4551451406168389,0.20427429691580554,0.5,0.0,0.5202902812336778,0.22,1
0.5261300960342997,0.4719349519828502,0.442151778706683,0.16989158663808357,0.5,0.0,0.4739783173276167,0.23591326931046686,1
0.3739935029622309,0.6080194911133073,0.34,0.2360227396321919,0.5,0.0,0.5060064970377691,0.22,1
0.3250025828114673,0.6205023245303206,0.26400309937376076,0.14800103312458693,0.5,0.0,0.51,0.22,1
0.3841961891508875,0.33812533518875754,0.3265177134905325,0.23,0.5,0.0,0.47464304867928997,0.22,1
0.4829077744969732,0.5411347181212166,0.4135461127515134,0.1846808308727299,0.5,0.0,0.4870922255030268,0.3046808308727299,1
0.40321054317231897,0.31348682103460135,0.3564210863446379,0.25972372213771766,0.5,0.0,0.4865131789653987,0.22,1
0.3555297165399341,0.3782583968440923,0.30931782992396045,0.23,0.5,0.0,0.49757622676805274,0.22,1
0.4754492909120508,0.5621255909066244,0.4075748818186751,0.17302417273072593,0.5,0.0,0.48242511818132483,0.30514976363735025,1
0.4460511360792272,0.42368506509758447,0.4463149349024155,0.17657873372560387,0.5,0.0,0.5334212662743961,0.23368506509758447,1
0.37190436328661775,0.4985738202802935,0.3861912734267645,0.18190436328661774,0.5,0.0,0.5119043632866178,0.27571308985985327,1
0.5935385940750698,0.545472678942937,0.34160450920720276,0.2677363394714685,0.5,0.0,0.5216045092072027,0.23160450920720274,1
0.43796082971468886,0.19509792571327786,0.34898041485734443,0.18245103714336106,0.5,0.0,0.5,0.23347062228601664,1
0.5516295235993083,0.5441852382003459,0.4083704764006917,0.2083704764006917,0.5,0.0,0.4916295235993083,0.22,1
0.6281390271037495,0.6505582918688751,0.42,0.18018609728962504,0.5,0.0,0.539813902710375,0.26906951355187475,1
0.5573071808150695,0.5211546986415508,0.4084618794566203,0.13923315619634227,0.5,0.0,0.47423093972831015,0.22,1
0.6149969610371111,0.6590042545480446,0.3269945298667999,0.27899817662226667,0.5,0.0,0.5559987844148444,0.23799635324453328,1
0.43132012251083646,0.4579207350650189,0.37,0.12396036753250944,0.5,0.0,0.48396036753250943,0.22,1
0.40944536006879734,0.4205546399312026,0.23138659982800663,0.1588907201375947,0.5,0.0,0.401663919793608,0.22138659982800662,1
0.3239587929602492,0.3940176601598932,0.319970566400178,0.1640176601598932,0.5,0.0,0.5239882265600713,0.22,1
0.4266914305552736,0.5900742916658207,0.40220571296315094,0.12110285648157547,0.5,0.0,0.4855885740736981,0.2855885740736981,1
0.4159011882014672,0.6648712588283618,0.360772447029829,0.13922755297017098,0.5,0.0,0.5253862235149145,0.22,1
0.3394155066673402,0.3918975037040779,0.39124099851836885,0.4281024962959221,0.5,0.0,0.4843795007408156,0.4362770044448935,1
0.4899587631881231,0.5499823270806242,0.4099941090268747,0.18998821805374946,0.5,0.0,0.48001178194625055,0.30997054513437367,1
0.4126050033395603,0.4456512508348901,0.3613025016697801,0.13739499666043972,0.5,0.0,0.5104412441557695,0.22,1
0.24006598630735546,0.5273245351590193,0.3640131972614711,0.21464907031803854,0.5,0.0,0.535986802738529,0.30464907031803856,1
0.42,0.2684045181654659,0.33289887045863353,0.20970790678956527,0.5,0.0,0.4218875750449689,0.24840451816546588,1
0.46133736736635256,0.6113373673663526,0.37923579007637,0.35133736736635257,0.5,0.0,0.4909552624045375,0.22095526240453756,1
0.4367504161543949,0.47774986128186836,0.35774986128186836,0.2543746532046709,0.5,0.0,0.5233752080771975,0.22,1
0.3617072636999531,0.49,0.3,0.2182927363000469,0.5,0.0,0.52,0.31,1
0.205813739620826,0.594186260379174,0.49069801660667844,0.2882558781137522,0.5,0.0,0.51,0.22,1
0.4659998703133238,0.41,0.4479996109399713,0.18,0.5,0.0,0.5340001296866762,0.22,1
0.39,0.3328274080708572,0.33,0.23,0.5,0.0,0.47353426008857147,0.2228274080708572,1
0.4029013069206089,0.5477467326984778,0.46774673269847783,0.18259215847634674,0.5,0.0,0.5270986930793912,0.6351545742221311,1
0.39277551807592886,0.44277551807592885,0.36942862653150194,0.16277551807592885,0.5,0.0,0.5472244819240711,0.2311020723037154,1
0.2553569081720842,0.3454083644239278,0.2253569081720842,0.1723472740398797,0.5,0.0,0.4645916355760722,0.22,1
0.3857018384078615,0.7498257377100608,0.341403676815723,0.23272022248647634,0.5,0.0,0.51,0.35114228338081416,1
0.36758231725994117,0.4748353654801176,0.32653811040979414,0.20862652411008822,0.5,0.0,0.52,0.3062088413700294,1
0.6658407020906766,0.5850442125440593,0.3692035104533827,0.22336280836270614,0.5,0.0,0.5557522770025581,0.22,1
0.46523536151157546,0.49619115962210614,0.4185734788663184,0.17523536151157548,0.5,0.0,0.5047646384884246,0.2723823192442123,1
0.5221452353631301,0.5492849215456234,0.3735716928181256,0.19285661436374887,0.5,0.0,0.5264283071818745,0.22,1
0.6375152331360011,0.5811246516764454,0.3683434887573341,0.24721883708088865,0.5,0.0,0.51,0.22,1
0.3544198119592903,0.3621877367430064,0.33111603760814196,0.1455801880407097,0.5,0.0,0.5677679247837161,0.30888396239185806,1
0.3237738240437293,0.38320768002429406,0.3947169279902824,0.43679231997570594,0.5,0.0,0.4826415360048588,0.4258492160291528,1
0.36871613405093445,0.5487161340509344,0.2938515978471966,0.3206419329745328,0.5,0.0,0.5093580670254673,0.22641932974532777,1
0.46,0.40142167921110866,0.3871083960555432,0.18,0.5,0.0,0.4971083960555432,0.22,1
0.4734497580210983,0.5637918683157515,0.4072416263368497,0.170691384357948,0.5,0.0,0.4827583736631503,0.3044832526736994,1
0.49283738338378014,0.40860436102703307,0.43716261661621986,0.18711651117837355,0.5,0.0,0.4714417444108132,0.35716261661621984,1
0.3174844803794078,0.40498965358627187,0.3075051732068641,0.18496896075881553,0.5,0.0,0.522494826793136,0.22,1
0.48264954883069605,0.553675225584652,0.34081193603837007,0.21897432324604407,0.5,0.0,0.558974323246044,0.22,1
0.32101855117222117,0.36305565351666347,0.3379628976555577,0.19203710234444232,0.5,0.0,0.5489814488277789,0.2579628976555577,1
0.41428492855843424,0.4821424642792171,0.3853561606980428,0.1332136964188257,0.5,0.0,0.5110712321396086,0.34250137502274003,1
0.4662988278783079,0.41,0.4488964836349238,0.18,0.5,0.0,0.5337011721216921,0.22,1
0.418027843178213,0.531972156821787,0.384648104547858,0.186620261369645,0.5,0.0,0.51,0.22,1
0.28756229842909664,0.5868060685861869,0.21907475811491592,0.13302491937163866,0.5,0.0,0.51,0.22,1
0.44115421006799793,0.42256385995466805,0.426859035011333,0.176859035011333,0.5,0.0,0.54,0.23256385995466805,1
0.4636133011178913,0.5170166263973641,0.42319334944105436,0.17020997583841846,0.5,0.0,0.5063866988821087,0.29020997583841845,1
0.46,0.3543483861602727,0.33434838616027274,0.17086967723205454,0.5,0.0,0.5447819366076728,0.22,1
0.4397180605292636,0.6216299567648117,0.36297797405888704,0.19269603458815063,0.5,0.0,0.5416299567648117,0.22,1
0.4442353172266336,0.6615293655467327,0.47423531722663365,0.18877650756261385,0.5,0.0,0.48484706344532674,0.22,1
0.37716256457576003,0.45688666051512,0.30432512915152,0.34148769372728,0.5,0.0,0.51716256457576,0.22,1
0.42092060996095,0.65418412199219,0.38418412199219,0.14489526804686004,0.5,0.0,0.55744763402343,0.22,1
0.5600514616879778,0.48010292337595556,0.43481988409207784,0.1148198840920778,0.5,0.0,0.47,0.22,1
0.36763552729060245,0.3834186836256386,0.31658131637436143,0.23,0.5,0.0,0.5155271054581205,0.24210842183248193,1
0.5060415133885622,0.41562637950294007,0.43187545983431336,0.1822905937199355,0.5,0.0,0.4877094062800645,0.3320830267771244,1
0.502921951199873,0.4437024392011426,0.4412341464003809,0.16045365839911127,0.5,0.0,0.5095463416008887,0.3258439023997461,1
0.5015775116900372,0.5474272196244362,0.3474272196244362,0.23385917056334574,0.5,0.0,0.5622816588733085,0.22,1
0.5056687478485931,0.4743312521514069,0.3937325008605628,0.20626749913943723,0.5,0.0,0.4988024974183117,0.27253499827887445,1
0.3687840008842364,0.5487840008842365,0.2936479973472907,0.3206079995578818,0.5,0.0,0.5093920004421182,0.2260799955788178,1
0.41983751759250865,0.709512552777526,0.44943131157378036,0.15016248240749133,0.5,0.0,0.480731170833711,0.22,1
0.5409007988951301,0.49636259986189124,0.4,0.12364880165730485,0.5,0.0,0.47363740013810873,0.23454960055243496,1
0.6073981233474026,0.5368495308368507,0.33342476541842536,0.23945140748944804,0.5,0.0,0.5476724196026785,0.22,1
0.41827096986566376,0.6645327185906195,0.3628036884562832,0.1371963115437168,0.5,0.0,0.5264018442281416,0.22,1
0.37230904011348104,0.49614575931911364,0.3853819197730379,0.18230904011348106,0.5,0.0,0.5123090401134811,0.2769271203404432,1
0.48901356980288757,0.4902466075492781,0.40073982264783437,0.19901356980288756,0.5,0.0,0.4809864301971124,0.2604932150985562,1
0.399834772697474,0.469834772697474,0.376611590899158,0.150330454605052,0.5,0.0,0.513388409100842,0.33305795449578995,1
0.4982342345640167,0.5572552551453278,0.3663403401937704,0.2054894897093445,0.5,0.0,0.5281701700968852,0.22,1
0.29535889962523626,0.2941068500624606,0.32285480049968496,0.10874795043722435,0.5,0.0,0.5241068500624606,0.23232055018738187,1
0.4453285656111231,0.20846669381475885,0.38445239064812814,0.26379525942588194,0.5,0.0,0.5097809562592512,0.23532856561112311,1
0.3907011018445865,0.32883149692568925,0.33,0.23,0.5,0.0,0.4681303950811027,0.22093480245944863,1
0.34671482815242755,0.3666787070381069,0.3333212929618931,0.15660646480946555,0.5,0.0,0.5633574140762138,0.29339353519053446,1
0.29800940441665524,0.2936650992638908,0.31932079411112635,0.10565569484723558,0.5,0.0,0.5236650992638908,0.23099529779167238,1
0.6093927067319728,0.5561268504284202,0.34959513782131524,0.25346828739289495,0.5,0.0,0.51,0.22,1
0.466282012438661,0.406282012438661,0.43025609950928834,0.18,0.5,0.0,0.5151280497546442,0.22,1
0.34780795381395657,0.3270772717519421,0.32244261278294933,0.1078079538139566,0.5,0.0,0.5292693179379856,0.22,1
0.3478137619649959,0.3953117428210025,0.3046882571789975,0.23,0.5,0.0,0.5115627523929992,0.2262510095719967,1
0.3247912019178867,0.28760439904105667,0.2923956009589433,0.08383296153430933,0.5,0.0,0.5190417596164227,0.22,1
0.3349123871109049,0.5249374193649321,0.3150625806350679,0.2899249032379185,0.5,0.0,0.51,0.22,1
0.35,0.5498520333921321,0.356617344464044,0.31014796660786803,0.5,0.0,0.519852033392132,0.27367858875169204,1
0.47288645151280695,0.4330916121024558,0.45711354848719304,0.19443225756403487,0.5,0.0,0.5242270969743861,0.22,1
0.4143759924097322,0.4862496030361071,0.36312480151805354,0.26,0.5,0.0,0.4918767863375181,0.22,1
0.5283718676143095,0.5472093774618969,0.3742635408460344,0.19147291830793123,0.5,0.0,0.5257364591539656,0.22,1
0.4463034012036559,0.2663034012036559,0.34,0.14872711376986175,0.5,0.0,0.5075152574867589,0.22,1
0.5058123178724044,0.5604692053189888,0.33953079468101116,0.19768913914835973,0.5,0.0,0.5079061589362023,0.46162463574480894,1
0.3234505565070286,0.6768732591323963,0.4068732591323962,0.16061977739718858,0.5,0.0,0.5146901113014057,0.22,1
0.479722785538563,0.4877822843085041,0.450277214461437,0.22861392769281508,0.5,0.0,0.510554428922874,0.22,1
0.32702857017675535,0.36175714254418884,0.3382428574558112,0.1812142872790558,0.5,0.0,0.5535142850883777,0.2687857127209442,1
0.49,0.548492583458364,0.4097487639097273,0.19025123609027267,0.5,0.0,0.48,0.3087438195486367,1
0.4459169384247805,0.4746943538584065,0.35469435385840653,0.24673588464601628,0.5,0.0,0.5279584692123903,0.22,1
0.5289002317363052,0.6876983778458641,0.4145011586815257,0.18450115868152572,0.5,0.0,0.522301622154136,0.22,1
0.39,0.3415496721705519,0.33,0.23,0.5,0.0,0.4844370902131898,0.23154967217055183,1
0.472531726222979,0.48576867352510683,0.34464738946042556,0.18676305269787216,0.5,0.0,0.5314104421582978,0.432531726222979,1
0.3286323065158741,0.36215807662896854,0.33784192337103147,0.17920961685515738,0.5,0.0,0.554316153257937,0.2707903831448426,1
0.31517747475933267,0.2851774747593327,0.37964505048133457,0.1658037542067779,0.5,0.0,0.5541962457932221,0.2664300336542231,1
0.6368073369715854,0.6273088767613821,0.4018471014091057,0.18453822464772357,0.5,0.0,0.5581528985908943,0.2586544383806911,1
0.5332431339326723,0.40989877845495176,0.40152034542128784,0.44800661328663227,0.5,0.0,0.5041892165168319,0.8048647008990083,1
0.46239961823248815,0.40239961823248815,0.39919694585990523,0.18,0.5,0.0,0.49959847292995263,0.22,1
0.34,0.40988064558517373,0.3,0.23,0.5,0.0,0.5198806455851738,0.22,1
0.3617711570944603,0.40431730949692235,0.3862730762012311,0.41568269050307766,0.5,0.0,0.48686346189938445,0.4511807713963068,1
0.492613605350314,0.46,0.34,0.209128798216562,0.5,0.0,0.5465151928662481,0.222613605350314,1
0.3657501754289144,0.5057501754289144,0.39,0.2012491228554279,0.5,0.0,0.5057501754289144,0.2487508771445721,1
0.40426867161868063,0.5623781119364468,0.33048755225421295,0.17762188806355322,0.5,0.0,0.49475622387289353,0.22,1
0.5060131256424604,0.47885151758180267,0.45743232161213154,0.20027071355147383,0.5,0.0,0.4951353567757369,0.22,1
0.4321779344227583,0.5178220655772416,0.3752147103848278,0.16303677596206945,0.5,0.0,0.51,0.22,1
0.49884991767270515,0.558230016465459,0.37884991767270515,0.20353996706908206,0.5,0.0,0.5211500823272949,0.22,1
0.4986482304124409,0.4514861728093307,0.3929723456186613,0.34864823041244086,0.5,0.0,0.504189711984449,0.22,1
0.39,0.3689589458922942,0.33,0.23,0.5,0.0,0.5186986823653679,0.25895894589229423,1
0.4127209180549551,0.3188779343763511,0.3754418361099101,0.28112206562364894,0.5,0.0,0.52,0.23727908194504493,1
0.29983865436322554,0.5788330203315749,0.22050281701582525,0.13466791867370012,0.5,0.0,0.51,0.22,1
0.5278010857034648,0.6734032571103945,0.3443978285930704,0.40900542851732413,0.5,0.0,0.5356021714069297,0.28539240007574623,1
0.43515185809822066,0.4443291023137773,0.3321645511568887,0.17865820462755466,0.5,0.0,0.5421645511568887,0.2591772442155567,1
0.427691913051184,0.5161540434744081,0.3884621304232241,0.16230808694881604,0.5,0.0,0.5038459565255919,0.24461617389763207,1
0.3338712231358897,0.4152331735501364,0.294552198343013,0.22659512396438314,0.5,0.0,0.5252331735501364,0.22,1
0.384206545003251,0.3786901824951235,0.3444836374918725,0.21551636250812753,0.5,0.0,0.5171032725016255,0.24841309000650202,1
0.48574110368130813,0.4785553377912151,0.44429644147252323,0.14570355852747677,0.5,0.0,0.5271482207362617,0.3085928829450465,1
0.3355347151475495,0.5253819393911068,0.3146180606088932,0.29045832726932813,0.5,0.0,0.51,0.22,1
0.3706669878893359,0.6233349394466795,0.33933301211066413,0.24466409688531282,0.5,0.0,0.51,0.22,1
0.49806013170992697,0.4456692755954018,0.40806013170992694,0.20403006585496347,0.5,0.0,0.47193986829007306,0.2922405268397078,1
0.4781416821402532,0.6140708410701267,0.3159291589298734,0.2862833642805065,0.5,0.0,0.5061062616051899,0.29389373839481003,1
0.37012310522679714,0.5097537895464057,0.39012310522679716,0.17995896492440094,0.5,0.0,0.5101231052267972,0.26995896492440097,1
0.38034540349850815,0.3724178244895569,0.35965459650149184,0.14069080699701628,0.5,0.0,0.5403454034985081,0.22,1
0.46366799235775563,0.5905019885366334,0.33416998089438904,0.19733598471551125,0.5,0.0,0.5168339961788778,0.22,1
0.58,0.53,0.36488112721021543,0.2041901964636553,0.5,0.0,0.5169762254420431,0.22,1
0.47572281456857757,0.4342921109264332,0.35858422185286637,0.3257228145685776,0.5,0.0,0.5328464817892781,0.22,1
0.4957949581496615,0.5188705859047391,0.36953949779593787,0.32841008370067704,0.5,0.0,0.534769748897969,0.4995394977959379,1
0.444658059821302,0.6689032336311633,0.400683880357396,0.11712258690493065,0.5,0.0,0.529316119642604,0.22,1
0.37,0.6086646538430801,0.33190332417362867,0.2613353461569199,0.5,0.0,0.51,0.22,1
0.47111272642251323,0.6105563632112566,0.3194436367887434,0.2722254528450265,0.5,0.0,0.5008345448168849,0.29916545518311505,1
0.4350146102637459,0.4779941558945016,0.36200584410549835,0.26300876615824753,0.5,0.0,0.5210029220527492,0.22,1
0.5285254113358943,0.5026270566794709,0.35705082267178834,0.14032212064874075,0.5,0.0,0.5185254113358942,0.22442376599231748,1
0.43377183406141084,0.5459429585153528,0.3840570414846473,0.2,0.5,0.0,0.5159429585153528,0.22,1
0.49074203790666604,0.44555652842999954,0.3811130568599991,0.3407420379066661,0.5,0.0,0.5140724526166675,0.22,1
0.3860573381268981,0.4742293525075923,0.32759863311171344,0.19,0.5,0.0,0.52,0.30605733812689806,1
0.5045289646035336,0.4666032765473498,0.44207431194381624,0.14905792920706717,0.5,0.0,0.5311322411508834,0.3177355176982332,1
0.46130551216075133,0.6134166480688934,0.42236108011482243,0.12447221602296447,0.5,0.0,0.4721111359081421,0.3034166480688934,1
0.4833224616728987,0.44993477003739235,0.4333876916355064,0.1799673850186962,0.5,0.0,0.48,0.33345292159811407,1
0.41117719856811935,0.4645873617182568,0.3169417588544955,0.19847087942724773,0.5,0.0,0.5327063191408716,0.3481189574226148,1
0.58,0.53,0.34167978517905356,0.2413123437135143,0.5,0.0,0.5123359570358107,0.22,1
0.48739739917147207,0.46,0.3504104033141118,0.23082080662822355,0.5,0.0,0.5447947983429442,0.22,1
0.38543689316316815,0.4717475726526726,0.33194174785782293,0.19,0.5,0.0,0.52,0.30543689316316813,1
0.3746287461123282,0.37,0.35194311916849236,0.14,0.5,0.0,0.5480568808315077,0.24417064249452297,1
0.409772078328581,0.6160227921671418,0.3320455843342838,0.2579544156657162,0.5,0.0,0.5060227921671419,0.2518176626628648,1
0.3403624690849827,0.40010356259570934,0.2996375309150173,0.22963753091501737,0.5,0.0,0.5094304057235988,0.22,1
0.38778333138474436,0.4244833196932105,0.35221666861525563,0.15556666276948872,0.5,0.0,0.5477833313847444,0.22,1
0.41126300080973566,0.46126300080973565,0.4222526001619471,0.16774739983805287,0.5,0.0,0.5354947996761058,0.2645052003238943,1
0.34,0.4019678288995237,0.3,0.23,0.5,0.0,0.5119678288995236,0.22,1
0.4164608988016551,0.5335391011983449,0.38569273413222993,0.18923183533057486,0.5,0.0,0.51,0.22,1
0.4978711219529505,0.4002147967450825,0.43212887804704947,0.19382816260393404,0.5,0.0,0.468085918698033,0.3521288780470495,1
0.3521883739709058,0.42,0.22277354674636324,0.15277354674636323,0.5,0.0,0.40361322662681837,0.22,1
0.39169395358005243,0.4891530232099738,0.30677581432020967,0.18491813925984274,0.5,0.0,0.5191530232099738,0.31338790716010484,1
0.35,0.5543087863086471,0.358102928769549,0.30569121369135294,0.5,0.0,0.5243087863086471,0.2632794986131568,1
0.51802476988089,0.6467079498014833,0.35604953976177983,0.36802476988088995,0.5,0.0,0.5186831799205933,0.34592569035733023,1
0.5149996311174644,0.6399992622349286,0.329997786704786,0.3599992622349287,0.5,0.0,0.5250003688825357,0.3049974178222504,1
0.5012098697559988,0.39465021707333525,0.42879013024400114,0.1982798263413318,0.5,0.0,0.4658600868293341,0.3487901302440012,1
0.3362294206955079,0.42754115860898423,0.30377057930449214,0.2328279344783691,0.5,0.0,0.5281147103477539,0.22,1
0.44102803805225305,0.43161993657957826,0.37367601268408435,0.14205607610450613,0.5,0.0,0.48367601268408433,0.22,1
0.4918514997819271,0.4537029995638542,0.45,0.15222275032710936,0.5,0.0,0.5096287494548177,0.34037125054518225,1
0.4842284216415833,0.49144289458960416,0.40432868376881254,0.1942284216415833,0.5,0.0,0.48577157835841667,0.26288578917920835,1
0.4242824799394894,0.4731389759273873,0.3542824799394894,0.270291536108919,0.5,0.0,0.52,0.22,1
0.5100769708408635,0.47996151457956826,0.42342313264767406,0.18326919096594713,0.5,0.0,0.4766538381931894,0.2466153527727577,1
0.47448961654046806,0.49183679448651063,0.44632641102697873,0.21714243859442556,0.5,0.0,0.5118367944865106,0.2310207669190638,1
0.34495701320335037,0.36415950220055837,0.3483190044011168,0.16920248899720802,0.5,0.0,0.5458404977994417,0.24336199119776641,1
0.3319225598444468,0.3109612799222234,0.3235580801166649,0.1735580801166649,0.5,0.0,0.5554806399611117,0.2561548803111064,1
0.5293720217877065,0.6781160653631194,0.34125595642458717,0.4168601089385322,0.5,0.0,0.538744043575413,0.27439584748605494,1
0.45843666117758475,0.5826549917663771,0.3210916529439619,0.18687332235516954,0.5,0.0,0.5142183305887924,0.22,1
0.6305315291384226,0.574916914789709,0.36368768609228175,0.24877077130257275,0.5,0.0,0.51,0.22,1
0.4939028085835465,0.48404165346419437,0.4539722310238704,0.21411107590451828,0.5,0.0,0.5020555379522591,0.22,1
0.4792136132379968,0.46031455470480126,0.37968544529519876,0.28952816794279806,0.5,0.0,0.5298427226475994,0.22,1
0.47074137113311976,0.46370345154675213,0.3762965484532479,0.2844448226798718,0.5,0.0,0.528148274226624,0.22,1
0.35373570150832556,0.31573062684762787,0.31160101493213954,0.16,0.5,0.0,0.556797970135721,0.22,1
0.44795404022269475,0.44798686863505566,0.3339934343175278,0.1859737372701113,0.5,0.0,0.5439934343175279,0.2500328284123609,1
0.393664756648002,0.3617542975419955,0.337329513296004,0.23824570245800447,0.5,0.0,0.52,0.25633524335199803,1
0.486184294828379,0.49095392629290524,0.40286177887871577,0.196184294828379,0.5,0.0,0.483815705171621,0.2619078525858105,1
0.37457441977010963,0.2627127901149452,0.3172872098850548,0.12365953581608771,0.5,0.0,0.5090851160459781,0.22,1
0.4569595712009353,0.4710134762663549,0.35101347626635493,0.23753369066588725,0.5,0.0,0.5334797856004677,0.22,1
0.31392448500614223,0.32354691003685343,0.34,0.19,0.5,0.0,0.55,0.28430205997543107,1
0.32171609101370113,0.45656781797259777,0.3182839089862989,0.2437129317397242,0.5,0.0,0.5208580455068506,0.22,1
0.4615549439867551,0.466951332548723,0.3430792777123936,0.19460361143803206,0.5,0.0,0.5376828891504257,0.4215549439867551,1
0.36302299206250654,0.40465133862499564,0.3613946455000175,0.19162834656248906,0.5,0.0,0.5146513386249957,0.22,1
0.5665159218245779,0.6613977343469877,0.3,0.2997636250448197,0.5,0.0,0.5425590937387951,0.23860226565301232,1
0.4671726963237864,0.4386907852951456,0.4371726963237864,0.19793174080946602,0.5,0.0,0.5292409555143204,0.22,1
0.615187976154616,0.538796994038654,0.36240601192269206,0.188796994038654,0.5,0.0,0.56398497019327,0.22,1
0.3889212059080298,0.3710787940919702,0.3293527235448179,0.23,0.5,0.0,0.5202157588183941,0.2591369647264239,1
0.36689659285869314,0.26655170357065344,0.3134482964293466,0.11751727428695449,0.5,0.0,0.5106206814282613,0.22,1
0.48532539666283697,0.454663780604668,0.41466378060466796,0.33067243879066405,0.5,0.0,0.550661616058169,0.539327561209336,1
0.49284016821623844,0.5590532772612539,0.36873770301500514,0.2018934454774923,0.5,0.0,0.5293688515075026,0.22,1
0.3805676285932972,0.37943237140670283,0.3243405771559783,0.23,0.5,0.0,0.5218864742813406,0.25245410287463776,1
0.4118531436757784,0.5159265718378893,0.4081468563242216,0.15370628735155684,0.5,0.0,0.47963285918944604,0.2559265718378892,1
0.49230379167394317,0.5315696666084545,0.41921516669577275,0.17848104163028405,0.5,0.0,0.49151895836971593,0.3123037916739432,1
0.3325776482835389,0.34322980228861477,0.3274223517164611,0.1774223517164611,0.5,0.0,0.5541925494278463,0.24322980228861477,1
0.493229959527821,0.5541925101180448,0.37096255059022376,0.17397503372681583,0.5,0.0,0.5141925101180448,0.486770040472179,1
0.4404659114943707,0.5704659114943708,0.3696893923370862,0.20507765191572846,0.5,0.0,0.5150776519157285,0.22,1
0.4044460458385418,0.540738605548611,0.36889209167708364,0.17518465138715272,0.5,0.0,0.49481534861284726,0.2392613944513891,1
0.39016835996225363,0.6159663280075492,0.3420168359962254,0.24193265601509856,0.5,0.0,0.5120168359962254,0.22,1
0.27785745782919513,0.5171427871490678,0.37285721285093226,0.1942855742981355,0.5,0.0,0.48857114859627104,0.31,1
0.4025066444159497,0.58250132888319,0.47498671116810065,0.27000531553275975,0.5,0.0,0.5349973422336202,0.5699893689344805,1
0.538610966798701,0.5078472583003247,0.368610966798701,0.11923629150162376,0.5,0.0,0.5092362915016238,0.22,1
0.4492764421937651,0.47357451926874494,0.35357451926874495,0.2439362981718624,0.5,0.0,0.5296382210968826,0.22,1
0.4519449145591595,0.4134251424014008,0.3773149715197198,0.163889829118319,0.5,0.0,0.4873149715197198,0.22,1
0.26494728424717584,0.2934036210037656,0.3798945684943516,0.15329818949811722,0.5,0.0,0.5332981894981172,0.258245473745293,1
0.5181019529038591,0.6832449219353112,0.42324492193531116,0.1856734374195851,0.5,0.0,0.5245917967744814,0.22,1
0.35805809475043204,0.5,0.38838174562536004,0.23097095262478398,0.5,0.0,0.500323650874928,0.22,1
0.49171342746101054,0.5957164313474737,0.3042835686525263,0.3245791528509052,0.5,0.0,0.5008567137305052,0.43342685492202104,1
0.45717840415301614,0.6356431916939677,0.48717840415301616,0.20948544664482588,0.5,0.0,0.48743568083060324,0.22,1
0.47082273721098333,0.20132884419557212,0.35278484185934444,0.18113936743737782,0.5,0.0,0.5072151581406555,0.2391772627890167,1
0.5086146318739766,0.6550504038529728,0.4485138241680312,0.2042569120840156,0.5,0.0,0.5157430879159844,0.22,1
0.34166041554443805,0.33111944594074927,0.31833958445556193,0.16833958445556194,0.5,0.0,0.5572201385148128,0.23111944594074926,1
0.41665913137863975,0.5266817372427205,0.3966591313786398,0.18002260586408075,0.5,0.0,0.5033408686213603,0.246636525514559,1
0.4448149913654925,0.4253083477241792,0.37493833045516417,0.14962998273098502,0.5,0.0,0.48493833045516416,0.22,1
0.4634827236468058,0.4919103658119165,0.43539308945872235,0.15460691054127768,0.5,0.0,0.5226965447293612,0.2907861789174447,1
0.5814033924817116,0.6645789822554866,0.42,0.18485966075182883,0.5,0.0,0.5351403392481712,0.24570169624085578,1
0.3762941738143286,0.49,0.3,0.2037058261856714,0.5,0.0,0.52,0.31,1
0.4202037404040677,0.41994906489898304,0.42005093510101693,0.19989812979796615,0.5,0.0,0.49025467550508467,0.22,1
0.5002780694411049,0.46,0.34,0.20657397685296505,0.5,0.0,0.5362959074118603,0.23027806944110482,1
0.3171085329254562,0.32180613781998146,0.2957829341490875,0.1060232036708939,0.5,0.0,0.52,0.22,1
0.4316111046774,0.4596666280644001,0.37,0.12483331403220006,0.5,0.0,0.48483331403220004,0.22,1
0.4479891727265093,0.5579350363590557,0.314075790914435,0.16597834545301857,0.5,0.0,0.51,0.22,1
0.4435683501505512,0.40995593434677163,0.3833480218844095,0.42343615319086614,0.5,0.0,0.49334802188440946,0.5905287878387401,1
0.3113840442012712,0.3847755137860168,0.3072319115974576,0.15754360218855923,0.5,0.0,0.52,0.22,1
0.5133264793555207,0.6383161983888016,0.30665295871104126,0.36164267774432224,0.5,0.0,0.5316632396777603,0.27,1
0.41643759795011925,0.5271248040997615,0.3964375979501193,0.18068720614964215,0.5,0.0,0.5035624020498807,0.24575039180047714,1
0.445566526213213,0.44020600953207745,0.40020600953207747,0.3595879809358451,0.5,0.0,0.5253605166811356,0.5104120190641549,1
0.4840274760331686,0.49,0.429862619834157,0.2179175719004942,0.5,0.0,0.4979175719004942,0.2361099041326744,1
0.48563315441118887,0.2852545416634036,0.3429112303925408,0.14164492157016303,0.5,0.0,0.5170887696074593,0.22436684558881115,1
0.41897714030413835,0.5213638129278155,0.3979542806082767,0.1703409532319539,0.5,0.0,0.4996590467680461,0.25863618707218444,1
0.268073142370112,0.289235810173184,0.386146284740224,0.155382094913408,0.5,0.0,0.535382094913408,0.26345523728352,1
0.39,0.3545840466574781,0.33,0.23,0.5,0.0,0.5007300583218476,0.2445840466574781,1
0.36039355624662645,0.6618819331260121,0.39188193312601205,0.17,0.5,0.0,0.5462361337479759,0.22,1
0.3258481212999686,0.5773030516882371,0.2342725348058657,0.14078779324705143,0.5,0.0,0.51,0.22,1
0.5244116830107631,0.6632350490322894,0.38647009806457855,0.22911821892465833,0.5,0.0,0.4797051470968679,0.22,1
0.39775185954202585,0.6172248140457974,0.33444962809159484,0.2555503719084052,0.5,0.0,0.5072248140457974,0.2422014876336207,1
0.40114454385477466,0.45114454385477465,0.4202289087709549,0.1697710912290451,0.5,0.0,0.5395421824580902,0.2604578175419099,1
0.3730902951979864,0.39072911440604075,0.37381940960402715,0.16763881920805432,0.5,0.0,0.5192708855939593,0.22,1
0.5066961643096315,0.4333038356903685,0.4085587867244436,0.36792667301556004,0.5,0.0,0.5061862622414812,0.7774167709474097,1
0.6534753223705784,0.61,0.39,0.289574032888265,0.5,0.0,0.559574032888265,0.26957403288826504,1
0.4275147612896728,0.4874557161309816,0.3637278580654908,0.2525442838690184,0.5,0.0,0.5187573806448365,0.22,1
0.2920683253063558,0.5079316746936442,0.3526906795098307,0.26237950240809327,0.5,0.0,0.51,0.22,1
0.44916351594473103,0.5008364840552689,0.42498109566838616,0.15916351594473102,0.5,0.0,0.5191635159447311,0.2749810956683862,1
0.48,0.4877613672225302,0.44477652351923724,0.23447726555493953,0.5,0.0,0.5114924218516466,0.22,1
0.3925102059439224,0.4406275514859806,0.35125510297196116,0.15748979405607763,0.5,0.0,0.5456071395981359,0.22,1
0.4034403007045568,0.5031193985908865,0.4142661654924054,0.1288532330984811,0.5,0.0,0.45344030070455676,0.24655969929544327,1
0.4698655188637479,0.61,0.32080688681751235,0.2710758490900165,0.5,0.0,0.4998655188637479,0.29892415090998353,1
0.48186842090082976,0.42688596516528365,0.44813157909917023,0.17249122786777307,0.5,0.0,0.4787543860661134,0.3681315790991702,1
0.4194981915653393,0.5198996383130678,0.3998996383130679,0.17010036168693216,0.5,0.0,0.5001003616869322,0.2601003616869321,1
0.48963996897435835,0.5509000775641042,0.35,0.22963996897435837,0.5,0.0,0.5690999224358958,0.22,1
0.4983000911787326,0.5792497720531685,0.3207502279468315,0.2652991793914067,0.5,0.0,0.5041500455893663,0.4466001823574652,1
0.31449790052588456,0.29091701657901925,0.2973361326321539,0.08641911605313471,0.5,0.0,0.5209170165790192,0.22275104973705773,1
0.4172579858239154,0.3086695318961904,0.38451597164783075,0.29133046810380964,0.5,0.0,0.52,0.23274201417608462,1
0.46,0.35730899133942595,0.33730899133942593,0.1714617982678852,0.5,0.0,0.5412292103926889,0.22,1
0.5013767759372348,0.46,0.34,0.20620774135425507,0.5,0.0,0.5348309654170202,0.2313767759372348,1
0.37899689616841326,0.45200620766317356,0.3664891365894463,0.19150465574738015,0.5,0.0,0.52,0.30050155191579336,1
0.4759249728289985,0.7042461872873865,0.35660961329453833,0.3394865196508451,0.5,0.0,0.5166096132945384,0.37729425376007825,1
0.29501988179958455,0.37501104544421365,0.26001767271074183,0.20501104544421364,0.5,0.0,0.48501104544421364,0.22,1
0.5072407054488586,0.55,0.4134481410897717,0.20034442326931517,0.5,0.0,0.48,0.2789667301920545,1
0.4203096359656835,0.3599225910085791,0.34488388651286866,0.15511611348713134,0.5,0.0,0.5450387044957105,0.22,1
