Attr0,Attr1,Attr2,Attr3,Attr5,Attr6,Attr7,class
1.035424066748604,0.5564050700998934,0.36949503035120407,0.13856811325161716,0.5037970673241771,0.1250894591324388,0.3329361889844235,1
1.0274429425627172,0.6077370719928389,0.4737627320452224,0.1462447038592804,0.5532399909369639,0.1450060421860896,0.2649187899014394,1
2.033266674464962,0.5900461678086778,0.4506561310292337,0.15635856413034185,0.6459363803073879,0.162327880588848,0.5910191731693211,0
0.018981418644944407,0.46830331391162294,0.4811991061809484,0.12958576304516156,0.5346711490157193,0.20063679623564273,0.23002745377523856,1
2.034225533337233,0.6132977094131059,0.3670819239568443,0.14431389501719957,0.5315175671934157,0.23712718377824743,0.1834047279681574,0
1.0333045012521578,0.6099063189076229,0.36534076267733145,0.14405138740739143,0.5032951585521905,0.26819604808978237,0.25583618513127737,0
1.020010158189222,0.5006269602491739,0.4565920623167688,0.14450267904169306,0.5140769186430747,0.25435727595912916,0.1964807898392391,0
2.0347867128036436,0.48161318255234187,0.451614968411837,0.14791334269752845,0.2672121734237197,0.2574357328988363,0.24058352229916394,0
2.0236555736708515,0.5218758120956283,0.4308653479967722,0.15189727500682584,0.7334710409867469,0.20689790054985424,0.18581564102901593,0
2.00155112284107,0.5921871495772191,0.3912104355882519,0.13350267893394738,0.25520468856528583,0.26465005566490424,0.603305946592365,0
0.05620143452023558,0.4794748982575031,0.45971702806103887,0.1393590005600782,0.23185140948003907,0.13660540520105455,0.2324953162589258,0
1.0506607935114656,0.4809874984377389,0.37529404674954225,0.1459476564891901,0.2746846384277881,0.3085391791521084,0.343820501876528,0
2.0273132431275482,0.5614598919831595,0.40487788536436997,0.14061891912738406,0.2514983731022718,0.13848033635146167,0.2606850934099127,0
2.032280173041908,0.4708662139573566,0.45253180509407975,0.14722194158759255,0.28468599007380435,0.08033716419357642,0.3247701601777206,0
1.0422304967024028,0.6111774977072265,0.35459855762216264,0.15656034465083407,0.2211841162292286,0.1882781255151951,0.22171788443079715,0
1.0481149471690927,0.6093925947509163,0.46110120889172473,0.13246097111413974,0.6679622816491447,0.24762440947574585,0.33445659825969454,1
2.0415801372999223,0.5322704689467554,0.4814030353018625,0.11674975454776527,0.5167959668035864,0.09907098523463126,0.19479851188567465,0
0.0643207510969892,0.5890713684840528,0.3962250028260324,0.16183514884680858,0.2625471826877641,0.14628111262206953,0.22781123123743474,0
0.020790013605763543,0.4701113010177963,0.35982252523976305,0.16456451798127186,0.5520754747604109,0.3129831770878209,0.6450539480824475,1
0.05588178885972908,0.5735406779952943,0.4557661705174422,0.14751285210740528,0.4991346925298194,0.2217071921716848,0.27544857831721725,1
2.0325562334594434,0.6116834906595032,0.41671356759568207,0.167830074825855,0.6738281260105576,0.2575127185838798,0.2362739769880727,0
1.9969184131887423,0.5875132616201605,0.44377277652541613,0.14366186269013376,0.5112571073596175,0.2503114232731235,0.6231855592661628,0
1.0323899362293896,0.5951226074778672,0.4642614541707055,0.14435398537558364,0.5067731483885395,0.28068072293147295,0.24144953718267742,0
1.0463028581866607,0.6021927456137895,0.39599256484696427,0.11463340617104016,0.7659241275150025,0.2518864734297755,0.21520654775346434,1
1.060429223146201,0.4896720679789155,0.48419171657669124,0.1434459251650199,0.6598434017724211,0.11014390284196443,0.5405522320805128,0
2.020725169568605,0.5525182406228074,0.3719096412456231,0.1613586594003076,0.7088830978809562,0.14782548220704425,0.2779521232024022,0
2.035047637071724,0.6155781240496858,0.37893836106396533,0.14948977293493745,0.25429890798989435,0.10712622890383164,0.7245753802412815,1
1.0386268941303525,0.48870772385871736,0.4167827664124963,0.15994032511631762,0.25440249958365413,0.2196685464935509,0.26554844481787054,0
0.045088582860137894,0.49278331220159916,0.4817204864576456,0.14263574981924035,0.26601342451171517,0.14355560559145156,0.2750178157562262,0
1.0234135956509052,0.6035057450783394,0.4893590455748428,0.14021883544376929,0.7394386416794455,0.13480376118726903,0.22582517960845608,0
1.0314227910598104,0.5627264126917343,0.41073335957443535,0.15450925325106551,0.23721986963316047,0.23788351870002575,0.26914252845866654,0
0.05558187026722527,0.5646581948116458,0.3759592077750943,0.14448504764718678,0.5335161429518626,0.10733841581163386,0.22213668540817716,0
1.033359463893169,0.47438693286636024,0.4491267314224326,0.162428066833263,0.5105806768148538,0.11039585255807056,0.21847359905714264,0
2.0186520221805244,0.6122545103584434,0.35571326885046417,0.14620446140827403,0.23467630593206779,0.2864394469692128,0.18941415895063068,0
1.0454528798609841,0.45030796262724787,0.45742260076730135,0.1432495081296962,0.5243929451797266,0.310746805424737,0.37441280694452794,0
2.0647445509353575,0.4918573809146383,0.3744210383488492,0.1582424505978188,0.6485633173051725,0.23681280688531353,0.20850935966545814,1
2.0401728899015703,0.558040843696884,0.3554757095761563,0.1352925358765918,0.48185799295765436,0.2433163153529919,0.19182384609963674,0
1.0051163100370222,0.6277478845582128,0.4404358129798278,0.14959094961914834,0.5100628046275805,0.08656091245077077,0.2101322094352885,0
2.037636577438167,0.5351539801104725,0.4656871469493783,0.13720613692513667,0.2605358598283104,0.20317615256799246,0.5975476911026522,0
0.03710021249853419,0.5908022111814184,0.46353913092727467,0.14838668608484448,0.4927959262544342,0.23746321327700481,0.2754839955666182,0
1.040496310449213,0.5806883663996362,0.3504679373876252,0.14104444500332752,0.4656481175615663,0.2275982476068406,0.18300472682795663,0
0.057997662753073664,0.48462145464075834,0.41352172672777987,0.16210639529530357,0.5155529464312809,0.30004036085101965,0.2751265941092974,0
1.0422920906613156,0.6083386798619513,0.3899989354327628,0.1666052110229011,0.25995810464781605,0.21561302040389352,0.15768768311117548,0
2.018755205481555,0.6235848916408152,0.4693911736753256,0.146865397829744,0.49414548781195755,0.22116692021028067,0.20731230028135955,0
0.05552863499688444,0.5801059047997634,0.363301959735713,0.14522896688248957,0.689615682782139,0.270619463694471,0.25683133512547535,0
2.0085269717022767,0.6231062520810081,0.47872713885877327,0.13409180815045915,0.4966751685887708,0.08393053152335905,0.18585564639259164,0
2.0464167437047514,0.47574374572284817,0.44133463859855443,0.14174651212919331,0.540225650414896,0.11076368282580232,0.2245197002804562,0
0.05004193566905901,0.610527880157385,0.47281070463103986,0.13058114545680058,0.5130598956651745,0.13114346808433208,0.18631807305209006,1
2.0556470553228885,0.4796265674204654,0.4794296638270217,0.12365516776981131,0.7501270205059551,0.11891430479512088,0.25191749286603077,0
2.0413780913905057,0.5775560388440327,0.4020019740220715,0.16241989095380116,0.2289683958050251,0.20723712807568856,0.16269644055215238,1
2.033469181541065,0.6180266956945406,0.47237024740289385,0.13953595326770768,0.26055716857575795,0.0995345960315504,0.2642454143503914,0
1.0473231861189802,0.4845134349732535,0.4145161021079648,0.16205177898329073,0.2511685724510662,0.2115369689621426,0.20446222653798354,0
2.065130124715702,0.5683686791808391,0.42069868960055984,0.1460171871980233,0.4974353413105924,0.27567118032636745,0.18357169544162774,0
0.04335359808325866,0.6027938796826506,0.41715480686483075,0.14694807811668287,0.2375519212583196,0.29209724530269465,0.33676519095036866,0
2.030331625755375,0.49598499569317556,0.47870676719562494,0.15889502544948103,0.5085340573864178,0.15819708949853536,0.32826817493452853,0
0.028139122325144657,0.5697829815518468,0.4699139227575348,0.13509851147499083,0.2514166886250987,0.11884892649650278,0.2626807506491164,0
2.0423347761912556,0.4732700777136051,0.4849258529205683,0.13808966471249956,0.6998135724997411,0.19163609781575774,0.2706548279971583,0
1.0442700948108121,0.44056835916248405,0.46683830663962317,0.14035033859011836,0.5041229109497116,0.3543550413212945,0.265169597858966,0
2.024439760170589,0.5672649172598009,0.456624398566421,0.13777501568011297,0.5047117801525015,0.20906754385390597,0.21849335024236236,0
2.0166099006047795,0.6053213546548847,0.479045524552448,0.16223909089762784,0.2836607937350021,0.25085312596618037,0.18702840676215518,0
2.024031380599588,0.5582028144788437,0.46101070231175406,0.12455639872660688,0.6528087596937532,0.11218943127174569,0.35686408757382065,1
1.027969750933395,0.5486978983633949,0.424349559428868,0.16081215371248736,0.7352087432315361,0.35253922823897954,0.16412204416158074,0
2.0264801482537,0.4910649746894105,0.38374883503000823,0.13286572696477494,0.7433261804932335,0.22412026658685072,0.28599552737669565,0
1.0161981331429686,0.5838677450483334,0.49148488438092386,0.12384090162689629,0.2666020155617859,0.1953495971130072,0.28118988484952456,0
2.0313985623346396,0.6110610768809994,0.35682006613167333,0.14275839725939332,0.2304747175321707,0.163911768644042,0.25659736255841065,0
2.0162108239736605,0.4981472852455395,0.4405559510877683,0.154857737450432,0.4732113627206661,0.28307953281399184,0.22497071574782262,0
0.06659293893959517,0.6046247615245338,0.45895190865513885,0.15913220042349208,0.6960737662841163,0.12347824408170108,0.7016720912957212,0
2.041677086615568,0.5634623048748358,0.39034878013314417,0.1600782788367052,0.5140240384600788,0.29401012101670965,0.23240673819869903,0
2.0376780769498586,0.6052867555473875,0.47964807796118447,0.1431342023440895,0.5309251747151008,0.1231736305778648,0.33351661670142746,0
1.0386926530044196,0.545871644964772,0.3932649796830038,0.1649950144050085,0.7037048658923746,0.24249658058144774,0.18639060637648378,0
1.0430832516381823,0.5711027714374153,0.4761330616259509,0.16164509728566168,0.2660928374548578,0.2350050588895018,0.5132449792530768,1
2.0307533819053187,0.48194109413679465,0.3801016163955521,0.14478112253869432,0.4991298834139784,0.2416861022006333,0.18626423055624586,1
2.0370079331285997,0.5832074385357574,0.4803697735851015,0.15794131168391357,0.662514179856601,0.23146005281411425,0.23889793362726633,1
2.028872848469903,0.450679163870847,0.48072375380644566,0.17836120553324503,0.27121480638900225,0.1496233375516398,0.2599797369806374,0
1.0252595175765873,0.6178346070979137,0.4733760108836758,0.11994802097387444,0.6721182145788168,0.19870191813584473,0.5286343295361409,0
1.0046057192179128,0.4648520421825509,0.460847806422203,0.15480136630217045,0.5102886869538892,0.12881533801149941,0.2549623875918046,0
0.06563850974235619,0.6194548590119534,0.4668382990622889,0.13575402779270765,0.4840641770186505,0.34606182719483364,0.1861270931469685,1
0.05048380367626583,0.5523832452292088,0.4722644562104107,0.15698699337428532,0.720714739666285,0.31818486296071596,0.32536671933382566,0
2.037210775099558,0.4921569243798076,0.45699890920127023,0.14444227846894314,0.268783255405644,0.2508269158058781,0.2821092767650978,1
1.0453308971750164,0.5040206710636282,0.3891877746373319,0.16166171707160953,0.26317353054692677,0.13480639246553164,0.3182737044210737,0
2.024954537484225,0.5081731501628292,0.4793731192330223,0.14408841759870158,0.27202970858793596,0.20005314261388446,0.25253313596721677,0
0.05924581361137887,0.5683679222939538,0.3961362631822732,0.1563679455669059,0.25364208300685376,0.2855662869585658,0.3227902886517898,0
0.037000702058186355,0.5582490724138611,0.49628534790082823,0.1291997414077569,0.25413896476976644,0.21673932112613073,0.2179886579641886,0
0.04924374580012266,0.619641427212231,0.47563943261073954,0.14175299776820183,0.24980996823098736,0.24657245003518918,0.26301705778407486,0
2.034550927610049,0.6006281595795236,0.45950166854804686,0.1546052934541294,0.25385913503136,0.22661974118596223,0.17982179483221283,0
2.04298827134613,0.5799410713815001,0.3885064357878836,0.1289808163413036,0.2311758195273604,0.22465757632646957,0.21418636246392092,0
0.04383455729726242,0.5790010267460277,0.4358148712141245,0.17704482562642007,0.48053086556936614,0.2743967819843207,0.37596231421762777,0
0.0481613416586365,0.48066120795885153,0.40381913447743106,0.14062851069575916,0.24562391243757956,0.2557796667840825,0.19937031613584297,0
1.021046461800366,0.4426838675381847,0.4830952030622249,0.14298847619698615,0.4867915211551285,0.20680373089481835,0.234401907880497,1
0.03936898134448493,0.592026365695717,0.46293415034092444,0.11630103734207753,0.4789386397799182,0.09671819809119366,0.2709543304124494,1
2.0347133022042807,0.5873123294486924,0.46428227315251475,0.15541468599919728,0.4770029692840617,0.22413294009341989,0.21570714761777476,0
0.06588575611357152,0.5957450249579354,0.43499158232161633,0.14336047800901644,0.5385934587814925,0.08834158268341177,0.2853012248437198,0
1.0274424950504661,0.5808210203626514,0.43745020300595594,0.13923524127166056,0.5384822847355337,0.17924176012288265,0.25729389472590664,0
2.055120128463099,0.5877005214756548,0.4715411268740944,0.17040592286455547,0.6523210849440724,0.24596847068037042,0.25511047680551063,0
0.05921057555954256,0.5805077676531469,0.42727702066921364,0.15806108634827698,0.2364624236330105,0.12681459042985288,0.2628115896566358,0
2.0177766701639994,0.5764192412870518,0.39280864625966166,0.15506961914438905,0.6212530482202578,0.1973053575110773,0.24653738653675006,0
2.00950773187459,0.5638483830626555,0.37799599244273374,0.14641889393160026,0.2561555907111641,0.15225053208180708,0.23636197624788086,1
1.008546595373248,0.6182231155112281,0.4550169796108085,0.17176832885034016,0.4673531290352526,0.12924485007127023,0.14126185783079084,0
2.0285194273407323,0.5030861405485093,0.47214686528899663,0.14378362138551282,0.2826508940935291,0.19574490621283044,0.21090187356950588,0
2.0350276614171015,0.6014647563981174,0.48019607582616386,0.15284256599800675,0.22335592856878855,0.26789921109647624,0.1775852848654049,0
1.0496304931754612,0.6094746798651807,0.46212665362044547,0.1489286497421611,0.26341581616669363,0.13017516125588957,0.234319705277354,0
1.041256440519765,0.556543855950891,0.4644564424785719,0.14215267577933632,0.27629670727780653,0.2091266111514496,0.5311370398457074,1
0.05981128784488455,0.5894905598656099,0.46563127058154363,0.1474238503547564,0.24855398431826953,0.2045975135969221,0.6148127350275948,0
2.0208695641521484,0.6028472262400593,0.4470275575278838,0.11767231695783639,0.24601076942951858,0.27544209730734737,0.5896275990580938,1
0.03480053192042345,0.625933740801195,0.39419680494179626,0.14355780780531321,0.27796593030616645,0.22059873735255187,0.2219138578417936,0
2.032986976869692,0.5386019000176372,0.49490400996899786,0.14908842585704582,0.570746246567065,0.11293809602304841,0.4359721739682978,0
2.0209550803770284,0.6027803190986485,0.41922872646360876,0.1665393157700023,0.22607400833083247,0.17647911261684704,0.3223929991139479,1
2.0560591791281757,0.48694628090392383,0.42265717378159046,0.15914133078195491,0.24579742956237313,0.22151749088409337,0.3348613087473689,0
2.0187763038574555,0.6154758564474134,0.369599482393099,0.14385335411042613,0.6888925074290603,0.2069078750689133,0.27045814245542976,1
2.023490006595333,0.5066661262173051,0.36724400319466954,0.1515357895402248,0.24568054197947203,0.33865910057883464,0.2397643549300214,0
0.0675385764311493,0.5593909456976127,0.4706047912599187,0.12607536527029872,0.743582273008714,0.24919687990124734,0.6516726050170271,1
1.0353669402841517,0.6020703395526443,0.41488302535679455,0.1401967082049805,0.6679187370390363,0.22987692501326976,0.2193017818092311,0
1.0325423573764763,0.6146063846710856,0.46077077302873215,0.16892872252232774,0.5430447822486408,0.21108002271050924,0.3154240828580934,1
2.044911116825018,0.6126787969249461,0.380491355054855,0.15711312519135204,0.5194801876869025,0.13621882162810559,0.19463856810336835,0
2.053013557470417,0.44177890254986907,0.4826724133858271,0.16035509095662231,0.2808306381570562,0.2958831526342387,0.2560943890646222,1
1.0658873825962314,0.4913197338852266,0.4734304988628691,0.1508428397441793,0.71626315727614,0.26442985523799944,0.3449548282482883,0
0.04609362881043811,0.48706694519483845,0.34216917634775523,0.13586174048747415,0.2132097442958279,0.15996100427081264,0.196319998628667,0
1.0254933681545764,0.6227454594238425,0.47093312958484435,0.14237617016921655,0.6678905084017769,0.28016805846823983,0.18737708532713096,0
1.0497453360068787,0.49722614850109914,0.3772368663931114,0.15319292373121066,0.7673950530736369,0.16698328803030116,0.19606116768137147,1
1.0379219631703536,0.5108193053393639,0.45920818743135794,0.14127114928874196,0.5056972909102709,0.11866432693022431,0.25995077294404406,0
1.0139073179300107,0.6076172535200728,0.37591418150853695,0.12345307711393316,0.2750351891595199,0.2797246840552278,0.21639606063351174,0
1.059536161595631,0.5820051247223486,0.35617536363797214,0.13644757119761644,0.24202620948093595,0.2587908602035759,0.4744782709115645,0
1.0402814689711595,0.6001249418264986,0.3598021818838418,0.15471191790991462,0.7027766848646666,0.2645182022040944,0.33113019144324357,1
0.03114413038089571,0.5297237492906949,0.441628429677287,0.15139330815926172,0.23784035432552147,0.25238379191738175,0.2764976755677896,0
1.0258509533272884,0.573331271285267,0.38654445699835593,0.14555409782536183,0.249946309900592,0.13422205507830776,0.32936486073966853,1
0.04024686639736064,0.5573160565749647,0.36011407720434513,0.1705962558189036,0.7151385727171142,0.1661766283700659,0.20404002834817508,0
0.0474951528738578,0.597173687207274,0.3959237684665936,0.13219234585930031,0.22280876111120732,0.19958943778081784,0.24049349344007956,1
2.051777048802566,0.4907991846070883,0.4174890373081036,0.12771198164330383,0.2596070576383622,0.326870204768209,0.33015610945373147,0
2.0223433046495685,0.4791302340207647,0.4695609416436217,0.12024055725385904,0.5456124081001205,0.10427724540779822,0.24740269331685852,0
1.0487511316022122,0.6246086960562428,0.4222736601243325,0.13253191004292603,0.6598712130592636,0.10163393599506476,0.20984026269554718,0
1.0364418774245117,0.5480065596140018,0.4767505577514303,0.14986996551993298,0.48222048143402724,0.15938153765378188,0.31134130612718613,0
0.0508525194008705,0.5649566933318066,0.37825340034315225,0.1487300241944911,0.5310499414082638,0.13434682039139784,0.22618823887575895,0
1.04507133498406,0.6093865818516743,0.39951568515531577,0.15422498210086671,0.7424875675897287,0.21361955513962963,0.2635306043650273,1
0.06419839307581844,0.5001569329716019,0.46822637898487945,0.15925019140670116,0.2607810040077561,0.25394876530652877,0.29143577903991863,0
2.0186576742174718,0.5974981413138734,0.39904916953500563,0.1586610574553203,0.5356292059868552,0.2561838838180117,0.22325915824882836,1
1.0546335072393747,0.5583420003556021,0.4838326481753939,0.14175640380369967,0.4837910828117225,0.0823943394053932,0.25557284633567584,1
2.0124082438659374,0.4712205747387853,0.4277189949189429,0.14724728350755412,0.5065780111617185,0.14490349592104912,0.3790344967700606,0
0.053685568544987,0.5513994298656485,0.482295435637686,0.1420699581373848,0.7044318934685473,0.23878635583855556,0.22908235103417302,0
1.0283934026448467,0.6250024895243342,0.386300393875073,0.15498745989207124,0.7167452804778215,0.33808383603398684,0.3498038022452208,1
2.0045296310207656,0.6064021631630492,0.48305752224185683,0.13055935839934477,0.5123674980521685,0.1219644999894344,0.18397217546986244,0
0.044354875675142263,0.43702548453003204,0.46508421704184594,0.13759561066950224,0.5113870959525865,0.25781988331156697,0.17992943000668962,0
1.0328648535204152,0.46080339121048003,0.380866667521023,0.1504444220574479,0.5193347817954854,0.26757429348507317,0.36381403841219767,0
2.048327554929158,0.4506259756428697,0.42252925554849835,0.15983471050958178,0.2495089063136962,0.23396521187714248,0.2389378393124381,0
1.069708506634475,0.6352881599551891,0.33868183219851855,0.13196832439418493,0.7237820415941726,0.10835247744696525,0.181255730236361,0
0.04611165316383672,0.4722150927609151,0.4557894937287985,0.15316506071114108,0.28592731961435885,0.1924357552817538,0.1724354697220005,1
0.05759148052345562,0.46730482003598584,0.3705453216448878,0.1547358846564344,0.6841461370526993,0.11914603374862415,0.23946580493966052,0
2.0506031435123866,0.5555419138867523,0.41292458563023454,0.1337561358004865,0.5160442360617941,0.17659242656181626,0.20494144990065352,0
0.04537936038519548,0.48595726896070623,0.4530724615741243,0.13898357872703188,0.5017988952173067,0.10974382423369039,0.24089967743285054,0
2.0402529187918903,0.6102799150814484,0.48249054315456513,0.14831644985102205,0.2867252207564722,0.10843766427697321,0.21323943641083454,0
2.0502910379772414,0.6071815692521295,0.47936621699008364,0.14715533124422114,0.2353679121847726,0.10172614861666503,0.20140064498430074,0
0.0438677127459774,0.49770840530080734,0.3793851916505597,0.12408907151830736,0.6747621940415057,0.11881976810396097,0.1976473310923891,0
2.036156795108148,0.43642584495006886,0.42859936137594806,0.14265772662825665,0.728439817139001,0.18857349234689222,0.1785817148040655,0
1.9968624706501443,0.6020677422233061,0.3718766064969496,0.15177399204721445,0.48305036624428827,0.2207993119529998,0.1944529170328792,0
1.0375365279880655,0.5007033315148459,0.48574907472040885,0.1605279932430691,0.5335467145359668,0.24955937974025566,0.2075955127362072,0
0.02062181118102944,0.6067744415799257,0.4662802075610121,0.1574102671380293,0.5422287814087806,0.25686395632938397,0.3220322191532208,0
2.039205329253134,0.5193740379367043,0.4582618381265504,0.15553519545155742,0.7154744500330611,0.19672099967256368,0.25010911019584203,1
0.008029948587570567,0.4848069078893247,0.4632794658805464,0.16000597344668233,0.5028775508594447,0.2660121984591453,0.6389268741738334,0
2.0202773931863995,0.5127006179977229,0.36945867028176876,0.12389847538598281,0.6944974542330222,0.23759693316536662,0.2210500445343766,0
1.0471562589639842,0.5810629993082927,0.4762141923574235,0.1307858625092329,0.7809728575054151,0.23321202662750556,0.18711290291319022,0
2.005768480521306,0.5868670448480641,0.408402110827138,0.1475809018799702,0.5099369931891607,0.2523431412745723,0.25371565657441136,1
2.0370667675666265,0.5549727580370973,0.4174469379365676,0.14156088170661807,0.7173036543881366,0.2496364041499025,0.5351383443848414,0
0.08680888954536621,0.5124450316201349,0.37855676172501346,0.15678772922076545,0.5440020720991336,0.2056625006165271,0.2376542992917495,0
0.07072059727255899,0.45135838868107664,0.4686891663470713,0.15148239962102727,0.2514958491755712,0.2227664726934668,0.30769091040406704,1
0.05527292593057511,0.47624899458910314,0.4692334099322631,0.11538825379911954,0.7088290659635774,0.20061262490256757,0.3291942740234805,1
2.027058445788301,0.6015687354869061,0.4118034181968794,0.15840138780922233,0.48730659038402835,0.14741923656266848,0.2226501847320716,0
2.041511665027159,0.5661707007464442,0.4696008938597253,0.14083764448655792,0.5392842216969377,0.3066579754697879,0.3351762441989087,0
0.04812623928127064,0.5936860736933133,0.4620270897576484,0.14060996390647146,0.5102483838964843,0.32106391752970426,0.30785840844564394,1
1.0118042074081806,0.6219279451441536,0.44869885982343133,0.12088424120792353,0.2361157587558422,0.20945421072738077,0.2127478744497606,0
0.058773710548433396,0.598519820105908,0.4909558854187034,0.13093561581049332,0.4849761219341427,0.17312239709631333,0.24584821734836687,1
0.05538109918586086,0.5962204270125713,0.4746502359681397,0.13307309897681902,0.26283297059470756,0.21010750828658883,0.22373998695408065,0
2.0077737382713208,0.5909093749288352,0.37832328545825805,0.13092624338164172,0.5430510616790477,0.2306626109885277,0.2659456073051636,0
2.015859467114419,0.5268489423943816,0.41855046188447986,0.14159295567901395,0.49780392908100685,0.25419989154331485,0.20152133441088765,0
0.03626995936036994,0.5726097031111078,0.46577631638746314,0.15537931170812874,0.6999046525348885,0.324727124195148,0.2917854391033868,1
0.0621930056874807,0.6082509543427215,0.47204411847428873,0.11736178126912601,0.6701701929223914,0.3285826771391808,0.24119508220536698,1
0.0438406321216766,0.562111770349464,0.4748772102459966,0.14439782217697536,0.4937246107240901,0.28123534139534134,0.277972194626898,0
2.026805300963013,0.594829051985807,0.409967169979721,0.1217205834534184,0.4929139103225779,0.25587394910770817,0.20637047322060592,0
1.043765565430722,0.5530149142639539,0.4880703216109613,0.13616400880988738,0.246947799904098,0.25896386399115434,0.21839542781713717,1
2.018395621738034,0.5960041897990233,0.3796194211558468,0.1396124370494867,0.49016696317148817,0.2768110894869472,0.4820548913498332,0
0.036950261681936686,0.6116998866418843,0.3922625101395618,0.14537134763717383,0.6978638247449874,0.27671521793017007,0.29130668178706126,0
1.0324025047126668,0.615612694323944,0.45259433052300035,0.14451743021459484,0.4733860132601227,0.13769735138696895,0.19188603137141397,1
1.0325519331215747,0.6168280402837347,0.42984038201355124,0.14707099699832857,0.4952858281729486,0.15081794502724855,0.20277020005010882,0
2.0472357263289895,0.5894372596751668,0.47154892994976716,0.15583698473549898,0.2435999188989143,0.10508884507687244,0.22679332294416077,1
1.0507989781750666,0.48734103975885223,0.4101450382438572,0.16039008009074665,0.5495790209095089,0.2599205139450378,0.2507021900320498,1
0.029966835514780365,0.6016587025956474,0.46420919847936215,0.16308757863123827,0.25180806174430814,0.27071867562410934,0.3751321390361869,1
0.0364095141206696,0.5698984218592805,0.4876940387691225,0.151502547594074,0.2765294360065835,0.13512087344146237,0.2346715509144079,0
1.0182149564375578,0.48465222003130204,0.4850391504852591,0.145876202957121,0.528146988858919,0.2739678410944352,0.21039587640179003,1
2.02479371932756,0.595491611568747,0.3588760123547451,0.13904904735588586,0.21606271446962358,0.23995647253673746,0.22887046201191735,0
1.0245536915920865,0.47851534745171526,0.4252394707546497,0.14694390259331808,0.24699759073898092,0.26846964189538514,0.3007665685295302,0
0.03706555784692079,0.4840750597818451,0.48948812293812255,0.14763521182303269,0.7231779890744471,0.131389820886534,0.3198276490393753,0
0.07189985941849578,0.5087895141485417,0.4618047584573973,0.15000977596334683,0.22659175804023027,0.13474800352212477,0.26571660545607234,0
2.024156054817211,0.613838407454515,0.49173884215294855,0.12613259159022616,0.2969780065475768,0.166059750535247,0.19588268653966745,1
2.032248363520709,0.5642127869562447,0.46277342677770544,0.14046541119148998,0.5223110053251101,0.13397483709066568,0.28370064422864816,0
1.0376065204297347,0.5704458297588438,0.4734033050731119,0.13519939759900257,0.522606332160872,0.23059135024287844,0.2644091204333681,1
0.03403781414178493,0.5925590153670675,0.4667848739620862,0.1422101981775324,0.64470237207964,0.26002843675738924,0.25443913290875053,0
1.9805230158419467,0.5642035858618278,0.4442226976454701,0.14989699374416332,0.2428033222582417,0.1714396421361257,0.2743927285265814,0
0.06160053223435648,0.5292739778598962,0.4803559487387507,0.15723353426883827,0.25642900570552923,0.25195138675790013,0.2578951925094325,0
2.0255643069001295,0.49362882928385676,0.3828521410263253,0.1255065886370328,0.24337365879575992,0.3083059162228661,0.19956772621094113,0
2.0464145970836283,0.4680671559810866,0.47839682644097903,0.1463226113786418,0.4730489751526324,0.2520272447355535,0.24710962070433956,0
1.029375465737021,0.503735783866502,0.407764563579448,0.13944587064288258,0.2802936373030948,0.17796539281083112,0.5377668444815907,0
1.0381313429647985,0.4911634543962853,0.4871074975305588,0.15107420651035577,0.5341991908254117,0.15099978685958904,0.1961680089944766,0
2.0454189766383593,0.5947242766710202,0.48289824541289816,0.1589723873757497,0.7823173747098324,0.0973326840831972,0.3638730482571676,0
1.0517231367417157,0.6164906664508333,0.4719427183280719,0.13997412706716064,0.2536124736600212,0.1326045791097389,0.2613056989798958,0
2.0397283801167263,0.5642829726555069,0.40119832513883025,0.15599467572676254,0.5409165375308262,0.12421734589046661,0.18171315937246746,1
2.0164437268754654,0.5009564352180089,0.4898591373453838,0.14266766834594558,0.7784107354211124,0.2568445842257552,0.3460528068451708,0
1.0482584562114075,0.5660012604746792,0.3808794409439967,0.1578801940620886,0.535608435282205,0.19824434222780143,0.25882899220071526,1
2.032970978777739,0.4322523013034004,0.41727313873830707,0.1630713284258944,0.2673938819667994,0.13977924475391185,0.23895035743753829,0
2.046188400314054,0.5753046959051101,0.47123683881080375,0.14839190874265937,0.5152530241775715,0.18125935920932823,0.5546631355623457,0
2.0062533924881816,0.4543643470097316,0.46031422368491137,0.13940347791476115,0.6886493071041959,0.30236122490484363,0.21965181360787095,0
2.0375921379888497,0.5756498205958894,0.45266981250196137,0.14769267231472452,0.2510586724584912,0.22513280176707007,0.22810782352720213,1
1.0354022123861182,0.46189820485404265,0.44842420990939613,0.16354959742486005,0.4968060768132726,0.20035322059990002,0.18274477472556602,1
2.0388781314891697,0.4679942484469364,0.4609113432996325,0.14033643774602778,0.2741658041743256,0.17719898712630838,0.24822808410032482,0
2.008132181450805,0.6070324452986872,0.4555203505918562,0.1408632236410888,0.4923825085015818,0.1803010290675215,0.732639706054121,1
1.0344648776348966,0.5394722135298392,0.47548691665827114,0.128955809150294,0.2533437917371879,0.15273547731895426,0.5270123414554869,0
1.0479286905360725,0.5886980285068395,0.4359792903248398,0.17561997989624778,0.49262709304652097,0.13916267117160602,0.33318668323952183,1
2.029100126785158,0.5708313722784673,0.488513920227445,0.14206355265503284,0.53809990797156,0.09778021143285932,0.5134988244337956,1
2.020374973861199,0.5681667630410211,0.38712799024311073,0.1410054222477503,0.24212288579912336,0.16146905365442737,0.21859978493888202,0
1.0326540676221365,0.5804028855308387,0.36929753852312014,0.14168928097296052,0.2901982459879152,0.2553577970832228,0.25157272620073273,1
0.03950568694090525,0.5815819968462822,0.438898733344407,0.12827668359252364,0.48272307610547566,0.19097922821696892,0.25847083299762474,0
2.02558170770742,0.4899099676768519,0.44684546594107244,0.1117692806935967,0.27391189431237256,0.304941447576714,0.24121032152751326,0
2.0444356759317115,0.5986607409054513,0.4546031112868811,0.15458411298787259,0.24542030244965857,0.2951469063926147,0.2798086326289248,0
0.04577793806074508,0.47204877377748866,0.4176007484290918,0.13501928200168856,0.5325588092659045,0.2919502537490034,0.2646456313898389,0
2.03821087819482,0.4673095356724211,0.4699981344089601,0.1621734573404062,0.5046765967121503,0.1808305177932376,0.2779141864188554,0
2.058595508061818,0.617950049152569,0.3943932163371832,0.15226684296002407,0.2554658525895986,0.2638593790595114,0.209892602574974,0
0.02259584843907457,0.6186282973294392,0.4388961527960906,0.12043545470170271,0.23691617602600623,0.27401458403769163,0.3142415239712667,0
1.031508571021744,0.5771152198584536,0.40851852918262427,0.12898352561754936,0.24880443016172285,0.21207894432843769,0.2338523859021729,0
1.025918881110163,0.596509909030349,0.42702077719765413,0.16900488722010554,0.2636987426780855,0.1980004849346468,0.585820724637553,0
2.024682221300976,0.593485511497327,0.3905560231466387,0.1563980064508521,0.4750733900914068,0.3192914009009426,0.20402951102417302,0
1.0324445276386474,0.474634023127553,0.40767216051685734,0.13331027536880075,0.2516825233317439,0.21894500262820674,0.2531410118796491,0
1.025759236199979,0.42793351887917896,0.47002152248258705,0.1282742983430947,0.4721389371940364,0.1980045052428554,0.17477906526695097,1
0.02029454315918025,0.5001752146211821,0.4654910433287667,0.15259082445617994,0.437367214144829,0.2308488054888159,0.5817254744850487,0
0.06999085856582386,0.4665797016657955,0.48266249307506764,0.1392096788569544,0.24994291252510062,0.30120806019517077,0.2557567549907263,1
2.0502360987506902,0.5628773453726457,0.37018772807724976,0.14100180574324214,0.5559283031303763,0.24259256506122467,0.18741798659701173,0
1.0242899543152426,0.6029367978658605,0.46301539476162823,0.13104240278124704,0.2549955259386235,0.16586449404403825,0.3609265791115294,0
1.0101809387191498,0.5903529807542098,0.383368811542631,0.16906394180428233,0.5268566517547576,0.10322456692406878,0.3451326285797841,0
0.02527646731564619,0.5075994531843528,0.3800745373662894,0.15453696854680873,0.7154317952455398,0.29824148567553976,0.254801195150705,0
0.00044444512270476553,0.5190509158795953,0.4677708504097154,0.15908838679857706,0.24257475375471174,0.2511704429361633,0.21641705885602783,0
1.0266387732183722,0.606270013415321,0.4706586474788684,0.15811295063267927,0.2761161699501508,0.24063393674579012,0.2305419454761091,1
2.0393578491544844,0.575516367585181,0.36940550567816277,0.15171085282441107,0.24253058220157853,0.10488714898905609,0.2699660253044594,0
2.030803286728877,0.5665146345639535,0.36208482067050757,0.15034468166344825,0.2629346649896329,0.15359571754594112,0.19544054325248236,0
1.0318424838134506,0.46653212498070046,0.4632248560325605,0.12057166958193065,0.23344580091759884,0.18253434713778258,0.513834385543807,1
2.03792130394635,0.48395452567061986,0.45233617973921725,0.14742511388655719,0.2822201760765172,0.1298021391610782,0.26914547223616714,1
2.0506859064623475,0.6094388978156086,0.45868133714820397,0.12698321349150932,0.5059971930727255,0.21156617880883985,0.6655740858149249,0
1.045007335646798,0.5803491365236091,0.4037721194544361,0.1469943827749118,0.5354828211033793,0.20228224446039003,0.29855771645021256,0
2.0494954705424946,0.4943273808655122,0.4688705121411205,0.15890332082147302,0.7375543281704435,0.23864334389998185,0.5694213456211514,1
0.03833913410098738,0.5903678041480342,0.4440046191120445,0.14553084970046795,0.4838513710742024,0.26195112030100587,0.2311161017358306,0
0.018593504134806333,0.47701488222912436,0.37870981149122795,0.1537867165867148,0.2459942334558206,0.2598614914887151,0.21623239448772935,0
0.07057276636956218,0.5575728165680272,0.3797743391908603,0.15398557714976513,0.25580629627103724,0.23318544982249528,0.24626343934496844,0
1.039354126965088,0.5923112069257533,0.4374019445797245,0.15814226195548572,0.23323558192835678,0.26448762311565727,0.47954675036107275,1
1.041003135872273,0.5794570861035202,0.49032233944996917,0.14226356663615294,0.5179788777940738,0.07962606606557102,0.3562010691652334,0
0.05320788926130624,0.5894888970032942,0.37915142674121743,0.1605969146458981,0.7083668810874765,0.24444754799307164,0.20506546047467916,1
0.09888094614406254,0.6009888834655179,0.4689763856622961,0.12519108484929586,0.5523402753172115,0.1747592528397158,0.19915681349439718,0
0.05929109157402811,0.48115547936139746,0.47378457948389213,0.150771685604091,0.7465143408022461,0.15995421791784564,0.19969003871442148,0
1.0368603776597103,0.48746616209007154,0.47373465937436643,0.1361125700209654,0.27219978438121134,0.31281874068703186,0.17264846454928953,1
0.0321378797356005,0.4655118385952294,0.4304318536842793,0.14200717713962294,0.49819049578487395,0.20332666014251463,0.17962614282258146,0
0.06553978621393694,0.5575067601183704,0.48714278517619086,0.16094920134676696,0.24167762684485608,0.24093438142612422,0.2581261734470434,0
1.009761846674426,0.5301852736850658,0.4886315330839948,0.14987357757609612,0.5115236306417097,0.1127863935077826,0.2641292258800568,0
2.053831008362447,0.48551320393438546,0.46476443254069527,0.16686834743323828,0.4651108043454242,0.1360412935775054,0.25861198344387615,0
0.03538073022583416,0.6207202158351136,0.4125986958335235,0.15815013744770523,0.250188181482945,0.1868161541276016,0.2059349186614042,1
1.0342389042895987,0.5806023161906463,0.489370105957079,0.16359844447066213,0.4968907002658312,0.11958740227823123,0.1781372906385265,0
0.044741975290492224,0.4852528936801183,0.4648050671057109,0.14448813294599044,0.6849842144877447,0.19797491088665037,0.2512143967110734,0
1.0384291521971174,0.5837277079268977,0.4545842674141579,0.14520995663209466,0.732516823592649,0.2890914650557974,0.4759603075259603,0
2.0197731623156736,0.46739887701072635,0.4573806256541798,0.15452914282601168,0.2418721677118911,0.19786537894778827,0.2117827316026,0
2.044873581150797,0.6014386942671879,0.4741350583453653,0.14476146267688259,0.5546573449548411,0.22200811441232543,0.5599331261065988,1
0.04143149107674177,0.614800158064001,0.46227091447429813,0.13970417082066403,0.24255643118121445,0.274922243639261,0.34392365527450586,1
1.0414252390896288,0.5941710591593191,0.4359596465824684,0.14716696966702417,0.2640806808488311,0.21802419347710605,0.20076303288626235,0
2.0252993666388224,0.6036994031382988,0.479276121777206,0.13817001439028154,0.6576288711640706,0.11636941290534819,0.21691046351826132,0
0.03819588899509162,0.4856850030528945,0.4297984387266009,0.13343613375200358,0.5335824294813352,0.13060304939616788,0.5314619232065289,0
2.0283812722326537,0.5695016966872674,0.4804059077904372,0.1391783056159622,0.28326769640519267,0.07723282739478385,0.2230097057933647,0
2.0152775035791652,0.5024410682569668,0.3461120647288049,0.15263148507027513,0.2181622145367909,0.13373319458376254,0.24279582588897802,0
1.0280310753678839,0.525018092479522,0.37582187222533336,0.1550327295509319,0.5476530366816296,0.2538975885135643,0.2689613883307162,0
1.0354623443021655,0.4630112682163182,0.4593206132444177,0.134731027604979,0.5188363177604819,0.13573562949134899,0.1986318043646012,0
1.0152832324860122,0.6111597738372988,0.49272560466940196,0.15664805667036596,0.538116605630891,0.1549075472893246,0.2641400558701411,1
1.0313444484463665,0.5653239430799313,0.3832401596973304,0.14830626548214107,0.49719735126346715,0.1512792096070039,0.2562488831745315,0
0.08163337657481505,0.595794234335189,0.4570679432823577,0.14937645448583484,0.510921724040943,0.1071167868800688,0.30974472575555395,0
0.0892586820535081,0.5906581447339482,0.3755750284458962,0.16821722544087364,0.2623085383285406,0.15154321762191972,0.192808322318028,0
0.014629581992602664,0.6067787338361498,0.45956195659868093,0.15685750501661536,0.5479558666878719,0.13267989811043301,0.2115496944462359,1
2.041790050493405,0.5573766473478619,0.4127141579239533,0.14178904341033788,0.5618762497485197,0.0710695806766582,0.21028709703845372,0
0.07178916940178327,0.5367387898232174,0.4789827786664981,0.1613741433869815,0.2901518000648788,0.20395402918796862,0.32529872661893694,0
1.0469677545989762,0.5453144401984227,0.4143419502375708,0.13209051902737678,0.6719106953522425,0.285127257915445,0.16577353079303633,1
0.06271655650961888,0.5421824081370334,0.45972594596641914,0.16376434053593214,0.5262091763613146,0.22039233375964476,0.30099254822184834,1
0.06416270729822966,0.52498067932805,0.3754034600830256,0.16762443548832578,0.6642979276641862,0.1990252646276211,0.269605679642887,0
1.0258779083123626,0.5876312297474529,0.34770794685640416,0.1303283722306553,0.4568695049028662,0.19706774414391343,0.35328359432999573,0
1.040438520344434,0.6096756233832807,0.4713850543103594,0.14894603843503132,0.26923809251994646,0.2416565553815651,0.24625951303164273,1
2.02482126580195,0.5919980744437038,0.46954611737411756,0.15014879739506234,0.2636893871340571,0.23508840968343842,0.21543656185437024,0
1.0258616478530145,0.4976337877766105,0.4207399927431335,0.1467912974324253,0.7456264585008378,0.2688954532280975,0.20797882243218346,0
0.05964238330476589,0.45493959386337735,0.4188938973667985,0.12928454184789878,0.5004662477567243,0.245362131457026,0.32809770204905997,0
0.05470265221267745,0.5025060795025785,0.41793734187444637,0.13575587994310345,0.6700463989141825,0.2411091834282704,0.6446775229967743,1
0.06203615921592283,0.5112145505259619,0.38580512273597856,0.14413349636466768,0.5336767962792996,0.25378539042929676,0.19645313271610831,1
1.9954220404600969,0.5726978252226589,0.38384467096560637,0.14244032513771102,0.24892548505955264,0.33188547744114577,0.260089991936274,1
0.0635750977748709,0.4691861431332823,0.480574675198788,0.1568963269020692,0.5174964648452877,0.28305857551983626,0.28608218181841194,0
1.0296376290929368,0.47424887669176097,0.44732097392390924,0.14469674467685553,0.227048979591745,0.198172153407989,0.22225663538401666,0
1.0409224438195115,0.49281701154759416,0.47185732997978097,0.16694153499094702,0.4907431305915826,0.1981484728736552,0.249528729966614,0
0.04474366782951102,0.44022966354169085,0.37795714035973116,0.16798306268150145,0.6103260961463368,0.1437350869178513,0.19689225804447566,0
1.045756816959922,0.6197726293594565,0.46597988863096573,0.14145751012835253,0.29250045848929485,0.2313306797814998,0.3334349496648249,1
1.0234074067598882,0.5215102214461789,0.35242822237895866,0.16194296183792906,0.7219996623809737,0.1107667892058962,0.16709787583107036,0
1.0387004564992968,0.5797267079388474,0.4317109688395559,0.13359242593376094,0.5503807642642743,0.2580295579700756,0.25456545843835665,0
1.0222054371646372,0.6177614875624182,0.4876557075608974,0.15803662554077677,0.48847791419984987,0.25571405729307656,0.24701796263292747,0
2.023125336293063,0.6041956590278449,0.41111995442044447,0.16337438443069718,0.27970764391241476,0.2543702228848678,0.35355431955624894,0
2.0379878354759753,0.5128825355168024,0.48073613264484255,0.14844807236343502,0.741320756617949,0.2566442395563535,0.3679298287450655,1
1.0330465867199434,0.4978082015418988,0.3851162119611333,0.14705202863437494,0.44383921009790017,0.15615141389435225,0.2296124094305418,0
0.04373690898902144,0.6032311727674012,0.48472952166420674,0.1352546987220264,0.28892036204829247,0.21255482988242774,0.2446844908690954,0
1.0418821592686507,0.47870995319211934,0.49241286030108117,0.14258269840044574,0.5237157931762628,0.2030818091501647,0.20167996098326618,1
0.08031067259500035,0.4969415830688655,0.4069738232624366,0.15365591465040732,0.5047861616312362,0.1126286268356086,0.17498052071389714,0
1.0321283882028192,0.5908589546178632,0.41073452428156504,0.1381139358779995,0.24087190578377993,0.2452570903835515,0.2354703328011267,0
1.0208585524232372,0.5090746174930766,0.46239043698336935,0.14002113423920595,0.428512640104165,0.12075189758544137,0.32736327437784696,0
0.02392429484085085,0.46564104132284334,0.4422106244059743,0.14665835593172574,0.48667008161944525,0.15902119756289104,0.24854610457901194,0
2.0300340442258094,0.4522418384054533,0.4458806752589464,0.16996864205073714,0.26241061840215274,0.26616284828551695,0.28862686378796826,0
0.049793719225380006,0.5837080479385158,0.36069660304517753,0.14706393824987563,0.72088500603715,0.25095676878888024,0.2679131159977781,0
1.0253616978454476,0.5889183006593682,0.4611157349178555,0.1601654220902291,0.5331047726805361,0.1880550311381971,0.28442218789881557,0
2.0188285419648433,0.5988021231079846,0.4689980137421808,0.15304368508822913,0.22422266945717667,0.12847433242182543,0.24055102231205394,0
1.0308825191813533,0.6099963752435495,0.37142410487432354,0.1411528864388378,0.49994857282904487,0.2671930450706523,0.5212221923376982,1
1.0383111513531107,0.5040948096248171,0.3498538038243335,0.16637354984908784,0.2408385984589501,0.11343075090229432,0.2605203361461792,0
0.060402245135801544,0.6118226012532603,0.473646638226186,0.13363077347738753,0.2558825755748493,0.18963410438748182,0.18545804558491877,0
1.0482950250818288,0.553491954269335,0.47913634142928907,0.1510344220843409,0.4809515084114658,0.20926059112885004,0.24349450210578957,1
0.06499667452502235,0.48609124596702113,0.47253259542450254,0.16160295865377702,0.26915280932032043,0.16903014855275894,0.3005735000925882,0
2.030167129245378,0.4945549374186975,0.3904084342524461,0.1617714899663766,0.24376248955509627,0.36392663674927705,0.31485738963046933,0
1.0017666857646061,0.49866775592462004,0.46309932675604626,0.1532430229767582,0.23954395876549528,0.21345105047514928,0.3647157012979871,0
0.08248170155244255,0.5672698490705002,0.46521490379934954,0.13226570000531368,0.5122369651688385,0.2737666448743604,0.15202974205168074,1
2.0529573665057175,0.5630195005748772,0.39988024865062666,0.11759944276483927,0.22193000675710522,0.1279846492509513,0.1975975588769987,0
0.0003800145886386271,0.4570297908862735,0.4526928857947889,0.15422613669234553,0.45262257159867647,0.27991802949440125,0.2373351203930131,0
1.046908382945219,0.5491678277477524,0.46966379511159195,0.16157224880676044,0.521359582121059,0.197577566890811,0.3289838140324175,1
1.0390522545249445,0.49517327620573504,0.4559749538003763,0.16399032178797848,0.257268996870216,0.2751786456160683,0.38011949216031177,0
2.0092801818003947,0.5663151597356805,0.44476373003215913,0.16723849345710642,0.5014821858068579,0.2938858971828754,0.2261988755123607,1
2.017816021682048,0.5995824094650786,0.46869819330673995,0.1566083837464071,0.4696393038022213,0.17573036783080526,0.2651022115158754,0
0.06961831682115265,0.6176981588597477,0.38931125237741404,0.14527795767690535,0.28596532030850275,0.08198678062242207,0.18989481243219752,0
0.04833689424780697,0.5656115831843921,0.4758180423766089,0.16206834009615353,0.2487279013011134,0.24566924300822363,0.23676995694800312,0
2.0221176157123573,0.5160580848216888,0.3662135867223997,0.15517524629015697,0.49544149247648905,0.1379333548280761,0.29414627454737674,0
0.04705145665316173,0.48571429348299583,0.457173837113709,0.13155604803097048,0.2521492909624839,0.14637095759334062,0.2078075305033465,0
0.09081978642906513,0.5885608453224591,0.4686892084907592,0.1661454905082504,0.24151884491459769,0.13284857855038856,0.20039461478686635,0
1.0395320308836502,0.6151354418767149,0.37446390078450653,0.13055728359757413,0.5009424780784227,0.24946181050206376,0.3524805999118373,1
1.0405276719043497,0.5650787438516269,0.3668096059863574,0.14093006241850928,0.69983872691808,0.2528769497242999,0.34136133553630066,0
2.0180067744977284,0.5662270155398966,0.467784601756224,0.14024558240593185,0.21360624609081044,0.2803817795544361,0.6164216674560086,0
1.0198082182859503,0.4599767968513671,0.462258936636152,0.1417950734932091,0.48160435559004294,0.1243395259172947,0.19702656578256833,0
0.05206748089184312,0.5787432264184925,0.4429459333641935,0.14421354682394297,0.5544548177991585,0.21991583432852527,0.1958460960655953,0
0.026481275268436882,0.5958368989568328,0.40172794382288607,0.1580596090339705,0.7252990489384692,0.2534111887192229,0.6052012918829831,0
0.06553250049487404,0.5314605678570056,0.40260326568535526,0.153261087628859,0.5276934780935997,0.09921885407105993,0.6505112680967281,1
1.0217477643513753,0.6166934046432406,0.47359826041186137,0.15510692133062753,0.7413264766810224,0.11315736730642814,0.26033938457083095,0
2.051617023962403,0.5993594355016169,0.3879650055589283,0.15699562053809363,0.24962927776620597,0.24708793095893355,0.20177282883635717,0
2.0538996892582353,0.4780200075932285,0.3924433184323879,0.15899129277797455,0.5232624833234928,0.27784183985789035,0.23324457951851255,0
2.032602064643939,0.6168930600169076,0.48484678848915885,0.15984501934950895,0.2785276940005207,0.16283071057080573,0.22181852376889485,0
1.0300425793691257,0.5032894517486104,0.3826335298527969,0.17595795564238495,0.5131703683436881,0.11268659783229171,0.3137933726320079,1
2.044448198803278,0.4898653406056141,0.4833462999857065,0.14150188294970126,0.7745212185238387,0.2307780327519866,0.2198232169558478,0
0.06776712686033731,0.48019119480454775,0.3755651829658762,0.13650003719375295,0.2417086697253371,0.11001516382002377,0.21747318374155553,0
2.049442837149375,0.5830052413238865,0.48077821715930263,0.1424119446964293,0.263192715225724,0.13943697710801986,0.18048297529234977,0
0.06125449788934844,0.610046987708554,0.4704413187678934,0.12196766607565512,0.7131105646720964,0.1182991822381073,0.25035973136844714,0
2.028285484068843,0.5897428787606324,0.3717880960269706,0.1355804306597243,0.2665215363305092,0.22208884424109893,0.2516103424448559,0
1.0235489477653719,0.5531307771832957,0.47785114471450396,0.13090704900696726,0.7250350944860773,0.2576907805300085,0.20080897828273298,1
2.052234229691125,0.6144300826624377,0.39884164013672285,0.1380646967956941,0.250971241085297,0.21031046618956686,0.23765758835620274,0
1.0371972348786138,0.48240092564284875,0.48341504107829875,0.15968038778796212,0.2405218938678606,0.200941672132811,0.28939513059151606,0
1.0383316250385946,0.6117560958723575,0.3750678003864883,0.15413832460235646,0.5000787331109197,0.26829038926865273,0.2586437392691312,0
1.0376324761402935,0.500460131292955,0.4067979584131088,0.15188216268739546,0.5458422447506965,0.30568395546936133,0.6210659659417875,1
0.06401417767171008,0.6017632643886103,0.41635901849571333,0.14269935601469425,0.5161986976297548,0.24855220087423352,0.34424392938678844,0
0.0636275495251449,0.6077560247821684,0.3616670604452754,0.1474559348303956,0.234289563792973,0.18307849752010485,0.1810476212454895,0
2.025636635953812,0.6080183067301729,0.488940003835795,0.14901590106784465,0.5335464807468184,0.25950522499069817,0.2971051811806514,0
0.017258780244875652,0.5580229454300879,0.4654283667770203,0.14362069723699333,0.2222822675200735,0.27260862394351326,0.32459134837897474,1
2.0243497503155568,0.5402010885735445,0.4684016666237969,0.15381353564511208,0.5026394037352354,0.29569093778460653,0.698553690164409,0
0.07180538928472496,0.5188901022075121,0.4286699827358215,0.1313621189176025,0.5292144408867128,0.21212978087831594,0.21857717512498015,1
2.037220643517638,0.6159684668804206,0.48696159022936414,0.1441151808893215,0.5374404070487979,0.21558872786459746,0.30169295103282706,0
0.05484361120374621,0.4693798003120113,0.47197621898570846,0.14260513397978203,0.23469760829880174,0.18824205979437084,0.24183518728150388,0
1.0329850181878633,0.5680432439197245,0.42329976809350933,0.16230501499332975,0.5145903196128856,0.15564729727273138,0.2588639266014179,0
0.06394288412935302,0.5985928194136155,0.4556259062312268,0.14389149890316877,0.26174823510862544,0.24326062350593028,0.20267813613133898,1
2.017099390611781,0.6092163589807904,0.4012108378133024,0.13905364672776,0.5664777316021167,0.14804042541990678,0.5300075466893791,0
1.0160711477277176,0.45318039589416975,0.4758841068206315,0.14878268897823244,0.25103467813959934,0.12703335267555624,0.27499051976619204,1
1.0349598999223357,0.609636431218742,0.4100169589867938,0.13991726497380075,0.24931941188212606,0.09629719928468844,0.21744826827174493,0
1.026657050025533,0.6028267054962738,0.3733521266428023,0.16523927777333897,0.5211637325679267,0.2905674286716779,0.21184884412343807,1
0.06094703240442613,0.6198447747990407,0.4714089794275517,0.14398291848071307,0.48877470084793084,0.11763334738306606,0.24030932203443667,0
1.020726351964652,0.5747912077117175,0.4696129424390619,0.1624297087625922,0.27990058534724854,0.29543616040449033,0.3083873747172624,0
1.0476344664871282,0.462309567145858,0.36633987329094336,0.16530115754525615,0.5227397746232126,0.26129239169432783,0.28489395122313793,0
0.03943756139743308,0.5065857365748074,0.41331411644705757,0.13813526083435007,0.5019393860571749,0.27053195606529307,0.21631313051062787,1
1.0442345582697883,0.4387149909253629,0.4676900975464322,0.1482357450129955,0.24339911500702727,0.2824598673347812,0.28326039633826156,0
0.04006230841521439,0.5634721811696466,0.45067185758604444,0.1499646234344062,0.5334486801707373,0.2590332100157879,0.2797359062395098,0
1.0278805841173797,0.4858719533678883,0.4138470573860385,0.14802945249149793,0.26345461374106544,0.30875759530309943,0.48997775064730337,0
2.035918613494808,0.4439266856636437,0.3904906078992112,0.1366302701881817,0.5252013661370422,0.24526669056477765,0.3522551467888678,1
1.0353512824407327,0.47886267975802993,0.41578293597483007,0.13130507802342573,0.29476549837135824,0.14355999081707627,0.18929335927667973,0
0.09270762206434763,0.5841365913095722,0.45483484920421074,0.1490207831523674,0.26337614797940373,0.23476551072850643,0.29285638615670295,1
2.047781077895915,0.6127625457950271,0.440111117216334,0.17097005432652376,0.2918339319857568,0.12415779509088963,0.3669095217265324,0
2.0500387139188536,0.5678329719093058,0.48392036592252413,0.15409040228496193,0.5678554948889005,0.26366117480455253,0.3361188080883544,0
1.0339128611025337,0.5680639950678573,0.4825143852368029,0.14049588607518354,0.5342506938442055,0.19515299081225926,0.16816553902560308,1
0.06453033423520901,0.47382938062558244,0.4813435203928346,0.1468374772068642,0.7258364198859137,0.2054380692587405,0.22497813702426697,0
0.020976894165250715,0.6065394795154916,0.4011414230091243,0.1584466991494509,0.2607266318205307,0.26920266423175754,0.2621089943445279,1
2.0158011254110364,0.5656161365516488,0.4629315529048683,0.15227075995338524,0.2534475251245826,0.11412523761273695,0.23380748676923083,1
1.038261762273771,0.6017290997278896,0.39297258869645,0.13976260100323024,0.5366466380957651,0.12963851587648015,0.3529329892094355,1
0.052622569244636236,0.5455840962087284,0.47213464241739656,0.1473898045913392,0.2891543555762924,0.2201358053054443,0.19800178590948087,0
2.0590486976625084,0.6114044628338662,0.4730697350330319,0.11634353917171386,0.2595226025135638,0.07294048453530147,0.34494915297384654,0
1.035168204161768,0.563085579610681,0.3927195045038234,0.15332164124738,0.7053121847170886,0.21762738039523385,0.3703857948159228,0
2.027557576375079,0.505260684185215,0.47416257922338456,0.13584010116189796,0.23382794220772635,0.2142841280677619,0.23600509154981775,1
0.08340705571066519,0.5997965157464107,0.3903798811977775,0.15100500295276423,0.2179446314951221,0.24701216451216096,0.19780959753522676,0
1.0231869561225972,0.55776794732734,0.37737194519278333,0.15409047896460928,0.5374054446122509,0.14331210625799273,0.39495501080031803,0
1.054384481927783,0.550938924833498,0.39108497491313765,0.15629970701212384,0.23983046131235847,0.20375267417956577,0.19043264341748115,1
0.05490574332748647,0.4856018734963693,0.40755747292209316,0.1525203659288786,0.5352560785060637,0.3014731007686623,0.576749411665173,1
1.024896602939795,0.5742923469786596,0.4744044710962963,0.14655004949995967,0.5265944535719101,0.08158932114695029,0.2828812747546853,1
0.04608058031824307,0.5012886513289818,0.4815956240990917,0.13785621410213347,0.2691612744003219,0.16738184383363094,0.3256703383856976,0
1.037066479935453,0.4969422806355027,0.4444439723260814,0.14748941813631727,0.48621005010035,0.25428635001117444,0.4870249212960622,0
2.046166379604781,0.5644148295784865,0.468481042754774,0.12268782504095557,0.7960195968130842,0.1352330424832932,0.32027575992807483,1
1.0554739352467852,0.48106921566744587,0.46413578319859994,0.13189556070744324,0.5295048398855818,0.15661616035472625,0.5759372338646525,1
2.0217702089653877,0.4918446478672886,0.4167454463904884,0.15672823509041783,0.49644111460113555,0.23707419367216348,0.25150450492315085,0
2.026881887573425,0.6064013620665717,0.42216216831206593,0.1367582890928804,0.23088373509681873,0.23664654032936006,0.15761211736490258,0
0.029931745008930664,0.4569163306902425,0.45104000907436714,0.13209237000715546,0.23745973696248468,0.3511342902396365,0.19664059166927583,1
2.045735545608219,0.49819860306156516,0.4764368763194398,0.14853159803842275,0.5272438759906045,0.2714707683603868,0.34499304609927167,0
0.08794242939476307,0.5799872944011046,0.37189799669194484,0.14071378406521462,0.5272902685247333,0.2967249551039097,0.3301634694228213,0
0.0445167760207242,0.5992504129557565,0.39840394066867185,0.1626292791522538,0.2766743434296703,0.2960750037072934,0.5276605789201642,0
0.05062255795718986,0.5877695225336368,0.4846694081457726,0.13814866527825398,0.4828719997501765,0.29697981462712403,0.24372198021416494,0
2.037172531205069,0.5611032627433188,0.38986211553324396,0.12674237072673042,0.6758874337619407,0.10994420575403371,0.20317141223302645,0
1.0486875187528033,0.5958117314355884,0.48107502386790413,0.12915512684835545,0.2512897294403131,0.31501693693199473,0.2478864002700715,1
0.0461849682558034,0.5103908520508816,0.36424633080227153,0.12874336274718956,0.22756434548427767,0.12800107241387867,0.1910327719474043,0
0.01656710840268562,0.5901897674693872,0.4467350427657901,0.13625883429792124,0.282838447370238,0.12079891623464535,0.20440432417309776,0
1.0188178876592069,0.46391812756473577,0.47923189602604216,0.14216223989185997,0.5432361605843108,0.2170810065501985,0.2204250988641345,0
0.053645361415670646,0.5641288518144527,0.45709261697703013,0.1344909843716881,0.4999855005556203,0.34240679728807266,0.23634685846106138,0
1.0516616648315988,0.5978976740576654,0.42287984523695227,0.1326030147310955,0.2687238155139085,0.24939138419637175,0.21172946280040691,0
0.02461596329117912,0.5656703091745268,0.38543041127903266,0.15841799071157808,0.27819421238655395,0.24922647957992328,0.28399916542214154,0
1.0377851744398539,0.5461551216894495,0.4479197263713587,0.12948150239134198,0.5197509447443533,0.2103650584606779,0.30883106816097017,0
2.0287719188465476,0.5907402056908355,0.36900871207481456,0.1214423708444255,0.2960807307544045,0.25175989242058594,0.5440722750535946,0
0.03707949161503549,0.468494324205678,0.44097825793262646,0.15318623993919836,0.24120707048819248,0.27480270481925967,0.2634870369293996,0
1.0207504502451008,0.48657089794483227,0.46691854038789027,0.14070613736011064,0.46316094074781256,0.2808940063123035,0.3547608861548871,1
1.0583825614637385,0.47877195188322225,0.4845787604960632,0.14879843750048097,0.7423509538366363,0.1486333482187195,0.18121601306267593,0
2.05213713763341,0.589649774673418,0.4734351595548813,0.15026511074717983,0.6467334469612006,0.14274769671344564,0.23893183479590085,1
1.034825318240892,0.5863375251770092,0.47042219456438933,0.17388728156213035,0.5218769428945704,0.20277174955321867,0.23966741561806928,1
2.0247655909047326,0.6112841736779556,0.4761489079398039,0.14979281904272115,0.49169034376448534,0.18357844773923374,0.25388662782483856,0
2.0212785092013474,0.5847491789755418,0.49210695573981583,0.1633728135531513,0.508463232059807,0.1297929636230042,0.2716385618795645,0
0.05557811886811747,0.6282071029833762,0.3643783348790611,0.13266306879372053,0.6947722975940288,0.1094389217393417,0.18685528498821324,0
2.0038639327914622,0.5507435881951804,0.43983297053317094,0.14877472484715454,0.4978496403389455,0.22374229521199013,0.20121822399753025,0
0.06489926025524288,0.61148504472332,0.4600815830021939,0.13187799910951764,0.5370215372599465,0.12591086713146693,0.20771666390942184,1
2.0412578586472794,0.4489300904427612,0.3775234212637979,0.14336959163132137,0.5172904929526222,0.10901707132173438,0.571599715747107,0
1.0083210288572693,0.6081904466218104,0.46794118280614583,0.14956688399322512,0.7587104476196306,0.1356854065839295,0.1955134285113708,0
2.0396591584480976,0.6164068754998089,0.3717568099383528,0.12378029737422826,0.49999201377517555,0.15483400867022987,0.19753031528340464,0
1.029977189184129,0.5867295099415196,0.487626941474282,0.13300990606312968,0.6637018268510844,0.28414351217219946,0.3003618431022105,0
0.055619143436118255,0.6171445575542573,0.4711320284919246,0.14254662485409678,0.5023839781317797,0.2122409023587807,0.2698264370294505,0
0.044470904482266774,0.48847968343008297,0.3693611713630125,0.13795131872381786,0.5375254040160505,0.22846327545077244,0.26802392836204475,0
0.0649591537502208,0.6107641389382965,0.46065460922107127,0.1465554952059144,0.23970993459581855,0.2465372417896771,0.1976362127478344,0
0.06472657378926057,0.6069518267832271,0.40644394375466436,0.1396575994576969,0.6757728844591945,0.12544497807837898,0.22060987352287056,0
1.0416550798561415,0.5630215875348697,0.3706643956085152,0.14263874102896945,0.5034396183281479,0.26896263388470193,0.19092631336975804,1
2.0354801455425635,0.49157627875338517,0.48040812752532935,0.16011872699893345,0.7252054301528607,0.12696441200625205,0.2690910135308595,1
2.0227607044213505,0.5745021833273963,0.4770509451272978,0.15851840798588715,0.2817926512521626,0.22648962094681174,0.22011924261178178,0
0.09554476518560981,0.5696004132075546,0.373053774989128,0.1394419769362421,0.28366471858281517,0.2276087551830021,0.26301873354532623,1
2.010852536480099,0.5660896997961186,0.44851547504626904,0.15737614117754975,0.712910223872694,0.15858391812400785,0.23870669798053962,0
2.016664638070905,0.5018139067257008,0.378537453247521,0.1569961365428764,0.45316227202120074,0.2831608882689799,0.27007343386750676,0
1.033928241793479,0.5516715152042935,0.4060907282888136,0.17290356047690522,0.49580216429245805,0.259290069920703,0.520466990219959,0
0.05140558620405399,0.5500620571351023,0.4501174033754752,0.1220795798811159,0.5070956696510984,0.14875806451642773,0.23051589111464213,1
