Attr0,Attr1,Attr2,Attr3,Attr4,Attr5,Attr6,Attr7,Attr8,Attr9,Attr10,Attr11,Attr12,Attr13,Attr14,Attr15,Attr16,Attr17,Attr18,Attr19,Attr20,class
26.652743989492418,1.030372608997007,4.880460014479349,1.001099087883329,0.16379619486861502,2.993084097524757,1.00028051531655,0.0507434675330768,1.000205804374185,1.0004124316494691,0.13279326516859224,0.0094109461672972,1.0142100723618532,-0.006501070924963195,0.002376075430488445,1.0095172817553733,0.0003800410513280731,0.8723813362313082,1.0534173484086886,-0.0007157785956193922,1.005298588070984,0
26.57026320521617,2.0302466360665927,4.842843986955998,0.033001719534157675,0.14973431222957673,2.9886795377882787,1.0019615874260965,0.028421865726133845,0.9998511915110037,1.0000533957895235,0.1221884399111724,0.023605713463492176,1.161663650851738,0.9851191238371354,0.993235404794962,0.003767725838556414,0.00026468558993387537,-0.0006784899764804869,0.005424600344734116,-4.489220116810643e-06,1.0306078008620527,0
47.16957138857239,3.043195429626286,4.6784878918289845,1.0037518300550006,0.1870028431481507,0.3757412617425192,0.997184963912006,1.027805728626358,0.9997831646831173,1.0004775480070383,3.2089718165390675,0.03820439404363668,0.009140552065944652,0.9816027495360103,1.0640810161412644,0.002543745881798857,-0.0005264190485654238,-0.005409034209591963,0.005626140001528671,0.0017889102028842666,1.0190153689367127,0
26.30829902080002,3.0043310577499494,1.074122254552455,1.0024296742399115,1.0078576168716475,3.014967219652541,0.9971028676532274,0.023971644608226546,0.999323692993902,1.00036527379329,0.15062097930213708,2.1625024907553922,0.0035055107592461116,-0.025349261232247795,0.009712826677353292,0.005351353511751723,-0.00040182400735867075,0.5721846585687235,0.012319917659032004,-0.002786974249593593,1.0499431333181828,0
46.543511842580266,3.0542519980255687,1.0106390417564086,0.20499793720611023,0.1712745117945353,2.975150018707843,1.0016105428807343,0.029000662544735215,1.0003289393777712,1.0009975868883558,0.17481669473618094,0.015271233618668795,0.0027155174013382376,-0.004644489536599366,1.0156286503445915,0.003820316082163047,0.00011710327501975902,0.003622726473431919,0.009503010885242143,-0.0014006245459905393,0.03451223639137886,0
26.457189395300883,2.9556354035330403,4.856952281573663,1.0039092103934257,0.2105319929191915,2.9973207634902095,1.0001893318151116,1.019550916744799,0.9994623684072838,1.000162528750872,0.14337419255942124,-0.004716364924854584,0.011966851618773878,0.9921668433257308,0.0019345969813386152,0.003828822243501193,1.7343349513072896e-05,-0.005217699201853341,0.010147319715337975,0.0007865500224131414,1.005011091724873,1
26.63985744478635,3.0567237898448107,1.0589627943313307,1.0052950703946997,1.0079969907471324,3.01686538714067,0.99969923532601,0.039504677905410665,1.0001001967729763,1.0001525497852184,2.051067735976601,0.9784335160108546,0.01088605672422566,0.0026467036779597853,0.0015708104650118161,0.005146035888892477,0.0005335688586511334,0.0003160266866813343,1.0775957328676102,-0.0017537194658709015,-0.027540925991526664,1
46.26886983077283,3.0411120091016044,4.832304406187683,0.9992492589106494,0.1520897471208268,0.01654810646352972,0.9991776382549233,1.063974568361347,0.9997987037696339,1.000405454430645,1.0945531307741505,0.02252128002529185,0.0034234602546919127,-0.0019654747001724513,0.006858672873230822,0.9348490896768461,0.00014795076633139227,-0.003492625066323373,0.013330572068109864,-0.001799726640605947,0.011193777300198843,1
46.63787764270839,2.019837815252168,1.0712516185037262,0.10461951568989365,1.0059420939160781,0.4520694836794241,1.002809771661618,0.01444012129422246,1.000412564215259,1.0003375422076384,1.1338062718885622,1.89023046272304,0.0045639566074498475,0.006765569035728788,1.0539037139981051,0.9705456925168388,0.00037273045541344534,-0.0003330218361500573,1.069610480982639,0.002712948135813055,-0.0031603786508467525,1
46.64150845327566,2.0174912786026087,1.0216948037510156,1.004368238673552,0.14766592113605287,1.9994530692198016,0.9991253862159389,0.027523891865946924,1.0006995103608531,1.0002438973977172,0.15936131376364965,0.031736592058211735,0.006815167655992633,-0.003624207365445924,0.9998277863129115,1.0269151195614707,1.894088548287931e-05,0.0013327621486558504,0.011267049328019672,-0.00011918884963672457,0.028966475008521387,0
47.04817780240109,2.017645239963472,2.0648709448764655,1.0039646947785033,0.13387098447698198,1.9903695808331292,1.0003276624838031,0.9657348985206721,1.0001646718829384,1.0001581711634897,0.1229002450884669,1.8287173490393307,0.012736530357320957,-0.0029954363389157104,1.046792603668356,0.9271562814735949,-0.000454305043123798,-0.003268568602146488,0.013600693467789414,0.000468110441604108,0.010403303479307196,0
26.12393698958494,1.0408319848479315,4.550039487656527,1.0026092094386618,0.12753925643993896,2.0038495703129775,0.9985031955575282,0.02156824169923544,1.0007096937805418,1.000135030790866,1.999339479849492,1.062747205717972,0.005967753006410476,0.919795869245528,1.0502705353537936,0.0015711896749677405,0.00019887593826301792,-0.0055797020337648925,1.189128988435068,0.0003135248552336695,1.0525410963256687,0
26.617520121854206,2.0123370652513164,4.796755576913093,1.0019227196536478,0.1461192906354161,2.0209195750098665,1.0010843441168373,1.0545124772093157,1.0000881497007135,1.0003562258361667,0.9804875136292251,0.03275432196511421,1.0968364153646504,0.009627214861164505,0.9856267926764894,0.002693947989722509,-0.00019852804970882634,-0.0010421511258044349,0.009628560808365348,-0.0020534702405720865,0.0018387276952467266,0
47.631718433984574,1.0305348370737863,2.0344310835387294,0.10022418374264114,1.0102343789631725,2.0180625871286315,0.9995462155614586,0.017107761548721574,1.0001890545914898,0.999872760527022,3.1591655174537627,0.0023961827155963003,0.0030376900401693505,0.007610311128862978,0.004450182285693037,0.8813739671532033,0.0002979353380970421,0.003377799274355903,0.00026943475538996286,-0.0002040779072092713,0.9984853084299945,1
46.52960497790191,3.029885995403158,1.035768703499688,0.11080730254119403,1.006286319088725,1.9939680376303168,1.0007839374281948,0.038859187336674234,1.000153286940814,1.0001588073038346,0.08391993269583825,1.0253968210133837,0.013305528384271006,-0.0005108619943503958,0.0030181236480532675,0.0017298822137187682,0.00016640408484584442,-0.0008241715846798438,0.011451836810212015,0.0005075853664172213,0.00852631317961494,0
46.43937992321536,1.0183732165172603,1.1171582925393722,0.09156005364026358,0.16632852689433875,0.5431805954309699,1.0020081649018835,0.044197805879243345,1.000122737551544,1.0006616775474924,3.3496450844537793,0.9720967011115168,1.0794601968263635,0.0032662236912645304,1.1345123939062045,0.003577074145424112,0.0003457972678978309,0.0010484009358427467,0.008875711909415092,0.0003713464732552432,0.021459077001141334,0
47.49279397995066,2.0150093504738207,4.578368474560889,1.0022700899248158,0.1746984713458088,2.9868030598805033,1.0021317085007875,1.046649374851985,1.000292635799113,1.0001335134954106,3.340050203267227,0.017954598494979986,0.007510962799146703,0.008903154605078751,-0.00011582574711159553,0.005006312997800708,0.0005325537103937616,0.7674853394449277,0.003296398210569859,-0.0026159779456637155,1.0031256834698432,0
47.16998911434927,1.0217063302417546,4.784289849984906,1.0039537225200967,0.13564857915520784,2.008242097801602,1.0013781420864503,0.0044006574155232864,0.9997272157048813,1.0003518364157475,2.0052374997560625,0.0134744583315409,0.014270078138102197,0.0036501708944984054,0.0035025121218710048,0.005103368451479629,0.0002716586753698234,-0.0010348624579548196,0.005733225678404575,0.0022416489082301393,0.9942546592520808,0
26.592803237160428,1.0183476837286978,5.010971871168747,1.0030166794813473,1.0094967320485966,0.2767333998723839,0.9988598203835389,0.028645251643955275,0.9999184725002054,1.0008682236121054,0.11911992626365399,0.03722716447541373,0.009826853665757819,0.0022188940054508,0.006579041126240648,0.9838910422798074,0.00027817283576458507,-0.002325858390470438,0.0022107229134041987,-0.0016266264541021653,0.04054715552541096,1
47.109447343940815,2.0278566015756776,4.602938461010813,1.005775004438649,0.16096813281864414,2.977678770697023,1.0000035789079669,1.0461413370461166,1.000185206942296,1.000428057552007,1.0368277689506733,1.0309638107980799,1.0529773961316,1.0354512816579438,0.005591674828185789,0.005073166470058571,-0.00012068240266067307,0.7542672966439325,0.005650422414945097,0.0021655829396235414,1.0335164496743003,0
46.5781991722388,2.0181937800627145,2.0621160834381245,1.0001642864912594,1.0060965633119667,0.36855207811197305,0.9995119027078111,0.03836655568456283,0.9996690042169739,1.0006653057107966,1.0388553732840713,0.040684196939726414,0.01569577186289674,0.9774924230642201,0.0021727781686910093,0.0032585921269710208,0.00015954276444373941,-0.006168169402405064,0.009905602405229886,-0.000735679663986842,1.0256473177224037,0
47.12111767386714,2.027835554043355,5.334418299628905,1.0074201563420946,0.15938002785750718,3.0202879700314593,1.0008674618779447,1.0457827602963152,1.0002786111533377,1.0008303699831202,2.0276327545391384,0.028099837341153566,0.014342859274884634,0.9791643941915604,1.0976957842889468,0.0038380187495405645,-6.992429841599389e-05,0.002954673315440209,0.006711402262159023,-0.0005339267940433619,1.0185570093104268,0
26.820416412893522,1.0054262050944227,4.730963314629042,1.004015653999956,0.20295227844957156,2.9910069590938675,1.001086010858914,0.022225932017770806,0.9999998331181669,0.9999706533542251,2.0830110075518027,0.002512320574714308,0.009786639533701331,0.008994846286360823,0.9490126139803335,0.00454232854878452,0.0005899091408861758,0.0035910828189858585,0.009434437531927688,0.00013796893682236714,1.0071780656850624,0
46.416807878792156,2.022485122520811,1.0759264002657258,0.11404379543457235,0.09956838062842567,0.3136631413930681,1.0030790117364359,0.991333127462606,1.0002970748796642,1.0002359606083524,3.0630693997467264,1.1547462061031575,1.1463615441149837,0.007332797863281174,0.004871977538799476,0.0038619078522679957,0.00046861914502236405,-0.00498853749403905,0.00691503751382333,-0.0030139107199277006,-0.008279070583637995,0
26.760111086890486,2.04499960932398,2.0955516466158617,0.14669311967062612,1.0056008585317118,0.3708137709965722,0.9994647475482153,1.0549948999070715,0.9997501199391163,1.0002471973432323,0.07403585707990157,0.044718950460117854,0.01150923695296319,0.003223642040074925,1.1067630469588128,1.119813648046008,7.377732993524443e-05,0.006531283300526543,0.005330413033307613,-0.0008487287752929945,0.012216807359211861,1
26.59944936980096,1.0252700780255728,2.072001261063838,0.09790517789310757,0.18177831898576777,0.2537491128080168,1.002836399437665,1.0024413513429957,0.9998721008650217,1.0004278754747682,1.0901182420512021,0.023235623911000012,0.006805196560287004,-0.0012493585928373152,0.9907482753288523,1.0357115395941956,0.0006954287143066759,-0.000885100897430279,0.010981547448521114,0.00027758764263123944,0.023083407733111398,1
26.37053704108574,3.065258957963229,5.081054256393621,0.10855791578394909,1.0019378979885407,1.9613654828661498,1.0000234510548913,0.011198887350836004,1.0004857025575693,1.000374601423193,2.01701783746058,0.026972538644691273,1.1112159299663888,-0.0074204371472303705,0.008420320174266216,0.9606232763746712,-0.0002240484064660449,0.001266453794859365,0.009427148792894002,-0.0006929465049577198,1.0289443699602185,0
46.91118293202983,2.0076676700584573,4.821672356415057,1.0014662127175409,1.0071265591329421,2.024038950630421,1.001632331632037,0.03140066317572425,1.0006067176979834,1.000595205289897,2.025103816638009,0.015259436655118211,0.013395611023095128,-0.0063790220894940335,1.0399200356103782,0.00497606457391928,-0.0002186458747469877,-0.004649703811513764,0.008410368199557209,-0.0005932649929261903,1.0424221547370505,0
26.787294970516793,1.034396549805448,1.0097751854707169,1.0026426122529146,1.0040798987292787,2.0210346655721483,0.9998339582986949,0.021055656797535162,1.0004743004722914,1.0001148787092577,0.09599150130817591,2.0079479610638473,0.002254562115222658,0.007804593419500697,0.009505724508882268,0.9380956000458981,0.0001932133896606501,0.9116243080670597,0.004693905904558452,0.001256032549899564,1.0120428619897297,0
26.389552961726825,3.025796069118445,1.0936186765858773,0.9986584658323578,0.14939965141856523,0.3483996079993216,1.0014459128162896,0.01165803560846359,1.0002434275593417,1.0004922370578027,0.128107998797384,0.028101399409807656,0.004324097733460544,0.0073843424441416,0.00525510888204887,0.9543903617430146,0.0005022114886238453,-0.0025735534703777954,0.004745759143415258,0.0033322869503060537,0.022270231935516742,0
26.53669610556355,2.998973219678358,4.993305799895791,0.07710396097114856,1.0041855536137858,1.9869699726035879,1.0005047506121694,0.026814247878958964,0.999606486362988,1.0002015001194056,3.110601115974971,2.2678743511391817,0.010880272185892445,-0.0004549722114766775,1.0230314772318512,0.005637546334726145,0.0006730967610551632,0.9915261950467764,1.1224385255638418,-0.0011301312989562425,-0.004066011701463995,0
46.868146037657866,2.026484259532087,4.9197440155253975,1.0059358857397758,1.0027425955355118,2.9849825294201677,1.0009712209070336,0.04191676987372099,1.000272565225542,1.0005712525131962,3.151798526131742,0.010612319497421346,1.1034646281295564,0.004164966067792948,1.151236211611786,0.003770093505148898,0.000349052772055091,-0.0027553280568313123,0.00118451656265943,0.0011960883553503677,0.03615709600162531,1
26.762017761807435,1.0306691404861519,1.0595313395573334,1.003936308723152,1.0075212424067759,2.998411320777693,1.0022104470274587,0.017737339574906214,1.000631191341076,1.000409223991511,1.0441255725963936,0.03342172379699484,0.009009649706552613,0.011080418090226163,0.9465240065213314,1.0263916377967024,0.00030833595395625575,-0.004671479631157476,0.006956935628352494,0.0002566345313792628,1.0091002495774641,0
26.467703336912898,2.0032695445316997,1.1311353304311094,1.006611613345312,1.0078066010294255,2.004524549190485,1.0017536639258648,0.017853718362017264,0.9999672408091927,1.0003552865459915,0.08038482281888597,0.9938602884239818,0.00585392617649243,1.0737874844423356,-0.0036750689759847657,0.003253684507239523,0.00029191620298321273,0.00016736587983693518,0.009175275308392843,-0.0003230689526633278,0.9899456776279879,0
26.648377576861286,2.0167719541148865,4.88576314787674,1.0029439014200223,0.1437699214276899,3.0355159767143873,1.0002403805493558,1.03758782901696,1.000163213807934,1.000791221205995,0.06063013001203317,-0.009070167331743779,0.015992310766658357,-0.0108743429048042,-7.242946232715762e-05,0.0025320450784448844,-6.99245957820544e-05,-0.0021285274281341946,0.008406320831026952,0.0013952075452344924,1.006477289724797,0
46.32037696619378,1.0240042617662288,2.1288747259936542,1.0002704904847801,1.0061748481399717,0.45360252741874774,1.0020414431196976,1.0424609425529217,1.0003104874568773,1.0005292086990523,0.11394153507165965,2.0869121617893263,0.007215167403535249,0.008694401709675358,1.0111315911544443,0.002778626078269955,0.0004684467619170859,-0.002197204906163487,0.005158351331113572,-0.0004344941622036364,0.9897755536772486,0
47.16548943416609,1.0344645835332136,5.108483093369757,1.0013771977246049,0.12681119272609387,0.35667017386322536,0.9975330629404868,0.028617048338660352,1.0004735099543562,1.0003557314948277,0.09262084257178908,0.9497648256580331,0.015596484098999027,0.0015832968146200642,1.0322535192900908,0.002553890712916084,-0.000317795584653589,0.5609679875197567,0.00895599770245769,0.0001634702328286313,1.0018837774598157,0
26.75557010246832,2.966307673492285,5.024160310051649,1.0029304063623894,1.003797256580636,3.0155263944436204,0.9955948805921458,0.01812763520182543,1.0003471629215308,1.0005415815655712,3.2499137096893156,0.028119704992750284,1.2441961035887814,0.9598901399768996,0.011302692128119239,0.0030778887084785132,0.00043676591708917417,-0.0014132626480521133,0.006967140342403685,0.0024500176767652693,0.9958425916756567,0
46.43253912212269,1.9970027783474515,2.0568307377388426,0.08714412073099682,0.1456443993275458,1.9945226383871286,1.0014170951383887,1.0672291587581153,1.000019601320635,1.0010159946801265,3.271475000414018,0.02975707001017618,0.01621696254041628,0.009929635467280646,1.082936399664807,0.004499958942375587,0.0005663877233926199,0.002461050435596791,0.011695134355856717,0.0024158456712219615,0.020208523931252068,0
26.690834525622872,1.02124177572458,4.83922339857809,0.12073183346183991,1.0063174605117888,0.46629763762913223,0.9984761967471388,1.0306042096059616,1.0000454979513953,1.0007031042675874,0.1581359403127338,0.015568977866763277,0.009823672978323898,-0.0077420964206343975,0.9094250562150806,0.005249704449299153,0.0005039570273990436,-0.0027490506542624,0.00939111858370216,0.0008852904022457011,1.0212022967889303,0
47.10892626971248,1.0039942688814714,1.0471048691132736,0.03145451076703287,0.15781768807511737,0.21048446279378813,1.0012248145489797,0.9823599517770011,0.9998282001485129,0.9998792943656158,3.3125425081796345,0.972422370965341,1.1363045275036756,1.0440808570743683,0.9529187318219182,0.9231220797248105,1.3630909879425044e-05,-0.0008985759725203616,0.003863059168302719,-0.0009117500894486247,0.9789060699003063,0
47.450054753873026,3.0065914830260234,1.0910981205052297,1.0033297637600962,0.18539842792740002,3.014592921533904,1.0010755861349838,0.005125972024626816,1.0003283943652554,0.9999316456754371,2.0270453032553815,-0.008445886739580535,0.941834032512006,-0.001285129200616858,-0.0013504047849986316,0.9729622448161499,0.00011730804128902676,-0.002235895887982956,0.006717754964822519,-0.0015861242423468587,0.0241033867777091,0
47.05178633426027,2.0130056824488225,1.0409359812917747,0.1187097106754722,1.0079635426891809,1.9896295086075355,0.9996610686392986,0.002790270867588359,1.0000768790661025,1.0005882299742157,2.045660327347725,1.114236768604269,0.009796525721225462,0.010449762633647943,0.9719649349324713,0.9728893757833559,-0.00014169008076661,0.4657496394239187,0.0076383155736421005,-0.0014705468415320234,1.0009572296195928,0
47.07803250896095,3.0400435142449105,4.839359273499886,1.001936422938128,0.16329427353324438,3.0051283533680917,0.9990017647255611,0.027252750920936673,0.9999978528388558,1.0006162718316147,0.10517260735343041,0.01518759313255075,0.0063565686842260525,0.002827550926318322,0.0050202201864570665,0.0028596882467417113,-0.0006899322000441943,0.7088309502490729,0.0034279709464578485,0.001383608895196321,1.0189541763445247,1
46.914854586895295,2.0270991786135606,1.1113226353646561,1.0009387213284942,0.13554294681402493,0.31415438445705013,0.9999977997744074,0.0407088380478251,0.9999637953661814,1.0002284666862613,3.2267291815528836,0.030089066322333817,0.015852971499072954,-0.00016203257848657602,0.012798741008635569,0.004420564507674239,-1.2852116530367709e-05,0.6087276923566768,0.011474005651107533,0.0011663588730838092,1.0209223685661177,0
26.55500466251758,2.012339337043788,2.1345386406138456,0.10278064922233915,0.14771134388133528,3.0160816911293518,0.9989244818212064,1.0156225985971958,0.9999437128719483,1.0005886114948712,2.011235644909185,0.03391984043819866,0.00072260170187953,0.01658135468698405,1.0354431497155854,0.0029275481720600844,-0.0005659076556245313,0.6904476632626944,0.006192770397254565,0.0027422274730926144,0.006925407738778814,0
26.882328888556795,3.008806807119504,4.8221660044402945,1.0032211913184768,1.006382195513473,2.9932175137455834,1.0013057893059985,0.010543553330657304,1.0000726810156118,1.0001769525065054,2.020406901606068,1.9822015810643538,0.012033875172201355,-0.0054562149469054326,0.005845998591594807,0.0029500152366138976,0.0001239018734855508,-0.002231867287161595,0.007984481239201506,0.0008245692571780172,-0.005995700229589579,0
26.963291473097527,1.0250106692274907,5.078223614570893,1.0009257586119251,0.1302216861804198,2.997818490343319,0.9994828468513297,1.0196205862466083,0.9997901832209556,1.0002751096679752,3.1899790596476385,0.006430876603944145,0.02266049618197329,-0.0021961604034852404,0.9834488391214278,0.0031015530896235143,-0.00017444273695472383,-0.005632415801409351,0.006448331098007822,0.0008041885127952306,0.9890723873621136,0
26.293969914049523,2.0329858296210297,1.0333262672979322,1.004848946358292,0.18441004296628408,0.3081716783810714,1.0014400640471175,0.01606303868500147,0.9999260551265922,1.0006122984263142,0.1633230473680065,0.015643874259074625,0.005458714980836558,0.00424197982204247,1.1007446014536206,0.004872851748881772,-0.000105451967246643,0.004362104435963776,0.007444088026827734,-0.002311614641077691,0.0346556088278281,0
26.51586820839476,3.024717786013278,1.0766332349549355,1.0037184089845184,1.007091896638866,1.9904363467281598,1.0020539623792246,1.0437702042539398,0.9996591549475274,1.0007081285050725,0.11717182559195162,1.0404037489155293,0.0065728406044945785,-0.004258140471690204,0.01230611719733314,1.0027911397595584,-0.00011823762989663806,0.004812884396823095,1.1168016057519288,5.4167743745842675e-05,1.0123889592736375,1
46.413682052275135,2.0424347247447896,1.0443789708511233,1.0014501308315877,1.0055129428812808,2.009994036353529,1.0023365483114364,0.008063929757755073,1.0003075845991312,1.000342956589395,1.0801079440993169,0.028214773014636662,0.9758328392362001,1.0314232517142945,1.0062611328732962,0.9308507370179409,0.0002736950678888074,0.5435024511020581,0.010976409435820726,0.0005761289828719815,0.995876575282508,0
26.68423559090158,2.9800467744032004,4.860914940124358,0.0864355066872759,0.11744319875093472,2.015676913023452,1.002564385884525,0.036282985645725734,1.0000475478926556,1.000651895453039,3.346087007235389,0.024759624050237426,0.005882920298850871,0.8792480552955962,0.010676361710806624,0.0048770495480415675,0.0004593425728718812,0.7512213331799639,0.009206642714129853,0.00022860621583399793,1.038998708561084,0
47.996759398172344,1.0333337624133978,2.122363871102662,0.9973728889524038,0.13758460836897873,2.9852848349701713,1.0002948974353383,1.0433322907759355,0.9995945714699388,1.0007403328331135,1.07186834682282,2.025359588746889,0.016858710256674136,0.9186743477540198,0.9990521037938426,0.003301689831307028,-0.0004624532597576726,0.001457117407766966,0.0068584828195617075,0.0011207994727256898,1.0012103536106938,1
47.05725266283378,2.00220098893008,1.0768853135341265,1.0043606700112906,1.0062379459018433,2.0207661029050126,1.0015531384900855,0.015376046213712606,0.9998797177256762,1.000715025316114,0.17523044061230542,0.03953368828834608,0.010411694031926759,0.9944762935411202,0.0009066085870943017,1.0237403846926605,0.0005600454405808334,0.0022670393537785826,-0.000461189946480592,-0.0030140196325276246,0.0053551989893836595,0
26.20122146448344,1.0280140638381463,1.059264090189874,0.1826942931027889,0.14828933783288198,3.0235064850886655,1.0020771512805682,1.0608351213808922,0.999857833910512,1.0007699622684363,0.12907764402997957,1.066937201952777,0.008614811388095915,0.9862238999344165,-0.006844189246317144,0.9291656033550592,-2.2467790067954022e-05,0.002510844934003603,0.01151378539907548,0.0007939438874990243,1.035981707665055,0
47.4530370064934,1.0178099269761824,1.0855879116877922,1.0055617939051211,0.13314340294304833,2.0377146594361726,1.0016994952147706,0.022898992816469753,1.0001340836204902,1.0006590629266687,2.0085291288646854,1.8987834475351166,1.0004412272690444,0.009393193821551533,0.002374099579398212,0.0037744584971660215,-6.953261527524057e-05,0.0015034539677752621,1.0413043677484148,-0.0013472180876323012,0.017875447598818022,0
47.579573879970766,2.021777082004239,5.0011152650262645,1.0048622109641023,0.15956855321477317,0.5731630272256005,1.0017681637962421,0.020147292739027982,1.0001268635725409,1.0004249416612152,1.0841166209837676,2.244088756564003,1.0662850982695136,-0.010472858615181078,0.9963984277484347,0.001558888265731126,-0.00029507295187177726,0.0005388966761011544,1.3351988508313444,3.44115249453917e-05,0.004108391063352701,0
26.26024609310097,3.021429576902349,1.0730909953618912,0.06041839788994486,0.10962138803707419,2.9943130700937184,1.001631773793621,1.0460581531268285,0.9995226477193028,1.000535981092134,1.0367463600303275,0.006324747928801535,0.005472953948099001,0.0013633329588948894,1.0032019884993109,0.004856518984270749,0.0002010786922245547,0.7560781133419032,0.004022020855726893,0.0014857404666041253,0.017507060482888793,1
46.176652069417344,1.0256854490746696,2.089013723764287,0.10512133919165907,0.14072851223718486,2.962403953733333,1.0017785385341655,0.03605076879546619,1.0001439590432815,1.0001209476457524,0.1307726072936784,0.01459369579381763,0.008780977148538536,0.0035761760741013027,0.008749247276601238,0.002583870669413702,0.00010942611596233959,0.0003925485705900458,0.007901630634593983,-7.531190511325158e-05,0.013604993677110384,1
26.873311665576033,3.0393324288699852,5.002399888182926,0.10556590907002468,1.003977301101726,2.0028243612930554,1.0015960015585466,0.014093827748969712,1.0005641369002074,1.0003794813191924,1.0551515363972448,1.8802932687728608,0.00938276231253694,1.0220149247090329,0.0007549461997985406,1.0199085140804844,-0.0001446920952255877,-0.0006691605210449688,0.01002268425540357,0.0018145554626536765,-0.020531901881243816,1
26.39799987651678,3.0195965516983754,0.9973033158766906,1.0033501154870468,0.11839973887355038,0.30664201999651675,1.000215922287916,0.026854954756675355,0.9999943720536558,1.0009201689429126,1.1093879548243635,1.0573745904734,0.008582947908302382,1.1294849250916537,0.0037563596214993155,0.003096032429415147,0.00015787189428633527,0.00021234111785435375,0.008390676079735952,-0.00026491748118302917,1.061698459032546,0
26.558359345392716,1.0325697205930175,1.0855579179597432,1.0038752268194138,1.007299813924222,0.33261604261016836,0.9990392207711043,0.021518456280335704,1.0002127800764422,1.0000034463527656,0.12869080774672453,1.0747959360493557,0.008457199340752425,-0.002896484182901364,1.0064601891551348,0.0030706904267501106,-2.4754752522213824e-05,-0.007660234988121038,0.006927639248028656,0.0006952814668720074,0.014421149498609141,0
26.876996733885846,2.98968703240263,4.783781150460635,0.13728529344191165,0.16562731151701288,0.162003686984283,1.0016684543110117,0.9883549082612338,1.000232642300483,1.0005694314434417,3.1862776402030675,2.066293297278157,1.0612597166845799,0.9869430849510366,0.004526585786683786,0.0033882888399410865,-7.506495471386225e-05,-0.002553042775593505,0.009879299903078563,-0.0017195200967141798,0.014079280493752438,0
26.309047833941793,2.014251926041288,2.161755645453739,0.9987827576811741,0.15692984810771268,2.0171701863640146,1.0004807901788446,1.0458475252088875,0.9993923244859357,1.0004022637225523,2.015930523427251,2.286450438410532,1.142720800178519,0.004084380636851325,1.0558655652772186,0.003285682163918587,0.00044534543345721363,0.0020037137107143527,0.005530080018106749,-9.931519568147568e-05,0.015860997189085527,0
47.11769108479078,1.0384245409681185,1.0515266075087684,1.0006173801408675,0.15734636769383775,2.029690661035592,0.9998047023965893,0.032506473124531934,0.9999487733026001,1.000256348278222,0.12626746392544164,1.8760220807396353,0.008449925989120338,0.0027599460369021867,0.8821453296241867,0.0026349447914108728,0.0005432499081171229,-0.0057137282995666375,0.0077495756611164306,-0.0001987652684381667,-0.010901458490342658,1
47.71987466308285,2.0056170332755148,1.123243252068561,1.004396881374446,1.004166246460652,3.002108405177748,1.0004734787093916,0.02830100321309559,0.999776987631757,1.000620777105851,1.0355771995739516,0.02500971793218171,0.01230561639446897,-0.004050603540610922,0.010439401993530112,0.005097462169035812,0.00026211200562657863,-0.0012003288268691867,0.006553178557314803,0.002385044537738987,0.005498331635661683,0
46.839090889177584,2.031049715440518,4.902182516170553,1.00627251685019,1.009152093597251,0.3633245236373812,0.9997276572813579,0.012241659459171363,0.9999532334775563,1.0002881863702229,3.1552786306879406,-0.004884283669069089,0.015816790730262476,-0.003847517570374159,0.8911491145163464,0.0023686626002685394,0.00026084543436504496,-0.003572614712648544,0.005421803621469279,-0.00044335841512020924,1.0146621996821976,0
26.910827960355746,2.008863001972905,5.026602390055373,1.0047100804822315,0.17206247762723592,2.9873135723225,1.0010225396029664,0.9875879529382179,1.0005011487617967,1.0004884064774209,3.133810245775459,0.968790971147396,0.010686194545468264,0.9924953521452097,0.005698906207237372,0.003959335444887422,-4.643815597136609e-05,-0.0034922066037301434,0.004281570797271669,0.0006806430851348386,0.017955220425053455,0
26.509671061088525,2.019772315578609,5.060092489692275,1.0056303420774868,0.1548572361929349,2.970680777850363,1.0009669558408536,0.007872654009700657,0.9996883370848222,1.0005494263796135,2.025207667112615,0.04095088016530995,1.1287523848830334,-0.010246489969796449,0.9689675420523525,0.9756613261621196,-0.00022818185418035713,0.8808160551514295,1.1109490998361742,0.00208144903988974,0.9976871696777214,0
26.58949181904459,1.0398906719684993,4.848813672045197,0.08436070050449523,1.0045015112642803,0.07273014182438808,0.9996067415714515,1.0163846784818484,0.9997779518412083,1.000490197988989,3.346449470417981,2.261707937106662,0.009923586097717093,0.0059885958018980265,1.053603174588545,0.8934798806116713,0.00016768211956901078,0.4892928170238779,0.011187544963547322,0.002140780126942349,0.018188487357070432,1
46.79095897803377,2.0261553069230285,4.918742285121635,1.007134374386591,1.0043488151038835,2.0254372023336913,1.0004750684405066,0.019301848070323112,0.9996801676957248,1.0001915579528018,3.1529991193659077,2.427406378093242,0.007852074454948404,0.00290784215542592,-0.0013875777345209016,0.003076413636011442,0.0004660649787188186,0.00031234305668475246,0.011239076102820916,-0.0016422896844397379,1.0039367173955989,1
26.900654085802863,1.0309469953419048,1.0594449090530278,0.10338848941159372,1.0086355100406426,2.9940973950870178,1.0007628588439383,0.025525849902990432,1.0000834241228311,1.0005306610348919,2.0227190907374952,1.0299247136466698,1.0627237150177233,1.0090812032133438,0.0031471125312995253,0.006558193503974168,0.00036318232857650404,-0.0020880802944345505,0.008779426006843644,0.002762448641551632,1.021299161872488,0
26.780020439938703,3.0411330903909186,1.1184325271798483,0.07754945328064913,0.1530881320740195,0.37771754337010555,1.0018253496843739,1.0544531702093969,1.0000603279462381,1.0002976845395617,1.110961134111129,1.039686337261607,0.01817212391805275,0.008661294476312458,1.0791668056329313,0.0028369503177738753,0.0002385612827077594,-0.003985264501113893,0.006461946771738347,0.0018340967401437656,-0.012193102445689916,1
47.29296139453065,2.0237025239065893,2.087113137140904,0.11796872593762289,0.09825621884487937,1.9896899701453794,1.0008825792583802,1.0316974347250663,1.0002512237689014,1.0004811276699381,3.281806113921702,0.019981839267849858,0.012007276898160018,0.9900117075667693,0.0043713506336501015,1.0308365493850904,0.0008011249826403316,-0.0042951424268695216,0.005964482991815057,0.0005971871121501907,0.0044974813787025175,0
26.41408196239594,1.050120983341815,1.0946672428794748,1.0024799468683918,0.14795920532016943,0.3842779632200928,1.0003662606215478,0.02533793494174294,0.9997309268333165,1.0004772179604478,2.012509877393346,0.034795878791766405,1.010036311186719,0.000629530544706707,1.0098070384672655,0.002347396897294398,0.0005062015464237791,-0.001955613352401262,0.009148184186610809,0.0014194118804698337,0.9917171951383168,1
26.487880447387568,2.0205019785600973,4.802354185979432,0.11610237521511521,0.12471937747223359,2.983891296099176,1.0010107875405907,0.03946911861274383,1.0004293148157108,1.0003563823399244,0.09664119235241511,0.030717305900415524,0.0059063212632217,0.0004481484385501644,1.024354627207529,0.004568461871048487,0.0004817629033165777,0.0009003560572501835,0.0042143337826931445,0.004061241961792676,1.0056208199730765,0
46.83914287282982,2.016200765200472,2.034397317193431,1.0034469449398822,0.13019265056401233,2.9994135267237367,0.9994248965769129,0.02642570023593853,1.000171752644625,1.0006377835303248,2.044633019237616,1.8302375631470345,0.008297762441381168,0.004117733650237182,1.0476770640925896,1.0233502697161225,0.0003489551170408193,0.0003703476230901924,0.003117523877470247,-8.26322500313348e-06,-0.008292175432008234,0
47.17743144056064,2.0172634273754086,1.059688340643881,0.15249259795467918,1.0056483866403836,0.2733096280378869,0.999828708904414,1.0769425456507167,1.000220206526174,1.0002816806847608,0.12029764186765146,0.017566329895832813,1.1404658382058386,1.0417262395377436,0.9453673191613181,0.003279585916830422,0.0002941610491106148,0.001649654249346754,0.008709563655941301,-0.0009676398634558755,-0.0010449288576338941,0
26.72887967913867,1.9987241873697714,1.126625730758286,0.10341980664743727,0.12398722571131306,2.0232932080877215,1.0011291565040956,0.03263204689585787,1.0002070840741581,1.0006670453617237,0.08660963649206319,0.011382079732127483,0.006290873561976838,1.0394488334127796,0.006394277071058662,0.004726790810279143,0.0003413629154668878,-0.0002278160512602685,0.0031494617740039418,0.0027726065025191673,0.004495285602751474,0
26.384408388529774,2.026812259311682,2.037560312335128,0.058985376335806174,1.0033818964073031,2.0304570909790707,1.0009817882739582,1.0287407611879422,1.0004830589732914,1.0000243344720592,0.07384518940636936,-0.01188299701079322,0.9742967047161291,0.0015846377666514427,0.007126025285619613,0.0028426486578467507,0.00023849577296462885,-0.003720758353049814,0.00467820871845158,-0.0003654273521057714,1.0217878727881107,0
26.514463162645107,1.0194042594663875,2.0899345001094387,0.09448046362545093,1.0069192874301882,1.9832164700697692,1.0026794639671268,0.0368557595489025,0.9998667207993085,1.000376435517581,2.0363199159646546,0.011803333578021505,0.01559241928827839,-0.004426191076520514,0.007661540224407161,0.006249924631999362,0.00014762880809767722,0.001090727905518682,0.002769069057663643,0.0020968410724349646,0.02093017560665488,0
26.675307922947063,2.023028276486835,5.0658532709463735,1.0029172110773337,1.005937655800271,1.9969396098247771,1.0030190366562242,0.01818578176576016,0.9998232202185708,1.0004339641935402,1.0740931108988643,0.023180121022816823,0.011096005455845537,0.001118120231540174,0.002259104196942786,0.0031034940848381574,0.0005413663914898475,0.469118331436621,0.007670394894364889,0.0013002614961530152,0.01274723820482326,0
46.858623746504165,2.030105173240363,2.0045385428087252,0.06879424795343735,0.15424754415329572,1.9826726668353172,0.9998795916282215,0.014386477194174031,1.0005192233846332,1.0001615562449078,2.02201767177934,0.012695519852661916,0.0068247582372552495,0.006732601648751641,0.9577692776984985,0.0038004291210043087,-0.00042317869678892074,0.0018047341680454457,0.00279913817735967,1.8122321260045984e-05,0.9669198751804843,0
26.472083969429956,1.0252147204064144,1.0991065574683425,0.09189217077753925,0.14355726611050695,0.24750851204622165,1.000944269441114,0.029989697532439474,1.000054579745059,1.000512173013758,3.2073980787163365,1.089893115511442,0.0016961102235143145,-0.00709543834213459,0.9588055553842226,0.9413274857977879,-0.00021699672718030388,-0.0011791689934361185,0.009624204823490247,-0.0005249778426154676,1.024604817664168,0
46.94798302583984,3.0243331802486777,2.1604652147356793,0.06997163870470208,1.0112441146029272,2.035175841714605,1.000244214994216,0.03148910366581906,1.0001529814715284,1.000830945089081,2.049858583100844,2.1290562385201093,0.008422384290840126,0.9953894742614169,-0.006253789768034846,0.005430537607051917,0.00012296154996315506,-0.0006913573534694594,1.0914207961460924,0.0014278351321811173,0.02484035031759747,1
46.815558384894075,1.0256749676024417,4.8167525048119515,1.0060230266910841,0.16491269293577132,1.984152803094772,1.0013029420001056,1.0457571104244276,1.0002631364614416,1.0007228794674505,0.07694147987878196,1.0244655835766365,0.006783529250267517,-0.008631300574422608,0.0164107550997214,0.0034120347201133153,-0.00016535163201618157,0.0026545850960138432,0.009574466655291946,0.00013065529148806066,0.9930502151907529,0
47.194152848695616,1.0312767491810029,5.3605790392400285,1.0075290867645583,1.0065279897608534,2.993517510241948,1.0005353681249691,0.9934420677908754,1.000295488996727,1.000387617551974,0.16817349422554165,0.008977167410588746,0.0022243406428544043,0.9865352055095429,0.006723117629773958,0.00425031274016617,-0.00015369016919209913,-0.000978191031069903,0.0006888751173083204,0.0003727680265184299,0.016655433069286414,0
26.973773949430047,3.053249061009989,2.1016384118436306,0.06149021264170111,0.16026930737653156,2.0449698604826363,1.0026400793286916,0.009700697177159363,1.0001263771560074,1.0001586160379845,3.225711901743262,0.02101371651348449,0.007694907613995735,-0.0020454663083985763,0.9267464374905496,0.004950134699594606,0.00021241833062964936,-0.002000140090673243,0.009842334856026608,0.0019228458790310615,0.9963179851197179,0
46.9664638330617,3.0083815080782577,4.9628200343233075,1.001708710079358,1.0070433922187998,2.0075991951879097,1.0004244302451282,0.017034729014708535,0.999995107557476,0.9997791726329648,2.022009869333178,0.028866810141431803,0.9345445565929065,0.0016670509898548433,0.011703148079902274,0.0038024120642476725,0.00046366529408370854,-0.0011452705095264825,0.005273929650395576,-0.0006528409301334796,0.02161269100200848,0
46.986108702781785,3.011504878542132,2.1112644355757664,0.07982346265989447,0.15840703072487,2.99005260676464,1.0001066309745663,1.0455998449009036,0.9998823760741791,1.0007341149682614,1.0979601348360641,1.9243705758365814,1.0829666529430257,0.009050198185073344,0.012425298716584493,0.9099577372136831,2.8238182189241856e-05,-0.0006398302924172983,0.01040187127060634,-0.0004688194784869492,0.9939705720703449,0
26.42447064799151,1.9911948087401339,1.030922399617594,1.002625833984417,1.0061263447782376,2.9808963549581518,1.0005166341756724,1.0019697351095054,1.000421486654168,1.0000888110205295,2.9824518325951264,0.022570293201804138,0.011568005095050876,0.007342306718280373,0.9658161863381396,0.004374046840482422,-0.0003617451881426614,-0.0090286619174271,0.0028648914364627857,-0.0032291767446042843,0.009896789336924035,0
26.34131366275693,1.014038731883094,2.1148943946165613,0.12033471987012245,1.0061577301468587,0.2747276591958098,1.000699826015391,0.04240072049706708,0.9998141369343596,1.0005600889154989,3.1349041450556614,2.1453372638611543,0.011193494424194464,1.0294226363088583,0.0010328707301067064,1.007450781376371,0.00046850564039706706,0.0018362144945707687,0.004983057846496718,0.0002983873076797784,0.9706045478071952,0
46.50918344766335,1.0360922119909208,4.737614260050334,1.003154165292304,0.1427108586749145,2.966049812126828,1.001803667949183,1.0537476336045615,0.9995890105164511,1.0007369412542468,1.0660145666306922,0.011900855967555718,0.01846408586650691,-0.003077677551064636,1.0977643477428922,0.005621887734862412,0.00011660929795418999,-0.0022483317616469154,0.008783307980983264,0.0006787766699585297,0.015475058063650186,1
26.866686408938243,3.0337130160060797,4.936559831389416,1.0028359769422523,1.0081258437428664,0.5637015323289774,1.0010309873058272,0.021942381190134582,1.000246896706145,1.0003921158975813,2.062153216823226,1.027099783746537,1.0321604148460117,0.0011453556647813155,0.000748627625473842,0.9860886119241021,3.335126521914935e-05,0.0016524682653892054,1.0065665251452476,0.0006506368510751897,1.0170967074781416,1
26.381079119918837,3.0467926144891395,2.1302859687950764,1.0062806538368079,1.0044846557375369,1.9804487180052952,0.9991939961417441,0.026616353616065735,1.0000234307487232,1.000460397062659,1.0834768644289028,2.1541978526730974,0.01743912641241239,-0.005562839425258091,0.01122832924899741,0.0037490230103226943,4.326048738044465e-05,-0.005381355864949007,0.011182699387305739,-0.001088775667574666,0.01095559466967198,1
47.24378424066515,2.00280042306235,1.087486626247334,0.048019040794238514,1.0062447996607478,0.33322761366023046,1.0001819017812892,1.012962796109489,0.9996310420493766,0.99961748905591,2.023910416155169,1.05221794285454,0.009314218498335964,0.0006853319730709273,0.003879370148179117,0.0029590442501671644,-0.0002774702489734162,-0.005293375785527846,0.010842159528048087,-0.0020223537482176902,0.9939066441593135,0
26.32076653269746,1.0090284739120838,4.758790656327871,0.06756084047506741,1.0042034145560572,0.12722484876074172,0.9977546775944023,1.0009194780161332,0.9997344477366827,1.0006957867430435,1.0569841797955355,1.1016560247231244,0.013426890478359835,-0.004286847788141384,0.013838179178544081,0.002272230224630502,-0.00013352852726492147,-0.0002036574580844829,0.0034952708828154197,0.0012824292253303898,0.9976482320711757,0
46.71022898496879,1.0105818611546964,5.130468636292356,0.9997348150712132,1.0068587735862233,2.9968539841780966,1.001933144846441,1.0517533227500275,0.9999249463972355,1.0001298316575324,0.006717700501959866,1.0604082213606085,0.014198190109599227,-0.000332632932545108,0.000977991257247921,0.0035658689280665917,0.00012202442312590982,-0.0020615908008597855,0.011008448007200895,-0.0005634013341295015,1.010838224092968,1
26.58197736571037,2.0091282958690355,4.766280971392854,0.11132032449670023,0.14355908302031828,1.9874234439674958,1.0008778801673617,1.0318640980557285,1.000251195935438,1.0007125498626066,2.0804940239033103,1.9350362606164924,0.012482362882375388,0.9533810100449293,0.012275169637114645,0.005626206584047943,-0.0001360818906801035,-0.004802624185029112,0.009564258345710524,-0.0007809449055007637,0.9946950829832627,1
47.391167796393994,2.0065154713222384,1.0531273143624478,0.05174173307527661,0.1292635877082352,2.0000791403835105,1.0003913415406565,0.020226304020419174,0.9999623690833258,1.0008257786511459,3.1718151766568807,0.007991134843735549,0.010639933513290229,-0.004053939226527069,0.004834510450519023,0.003416958519798748,7.036902422779081e-05,-0.006005840691516611,0.0028967945762042456,6.269648337214137e-05,0.021417781031984273,1
47.30755456718909,1.0251791089586306,2.113669251320478,1.0029600343705007,1.0058069099775142,2.037084613643946,1.0012039076646242,1.0353031305570213,0.9999065848830581,1.000332887774586,3.145379241353602,0.008020540713426796,0.012604137387631496,0.0034263254275287047,0.0028393491781985246,0.00251188665361457,0.00020539705702359557,-0.004323391549852938,0.003452092459896428,0.002067729167958273,1.008359381154682,0
47.440135777944555,2.990267894678536,1.091636747479742,0.0741965663495133,1.0048459962574663,2.0055337179281696,1.0000689238814162,0.020343745517496254,0.9997247607398956,1.0004748522647533,2.0136897916287495,0.013969236305523613,0.011904066286427135,0.0004366866506249386,0.007533881812378084,0.0030499360402831918,0.0005583240479297485,-0.0008700285935113554,0.0032894870022104495,0.0011308338587742816,0.0033537646405834153,1
27.00982559595953,1.9977175800198543,2.076865939055589,0.09244054211104716,1.0070572595447609,1.9969637221888357,1.0005214703218188,1.0792836135715982,1.0002811533060525,1.000551272903903,3.2967964022667857,2.2853269392847846,0.009116855046062671,0.00221154595191945,0.01063267142420011,0.004797606873107191,0.00044549872566140695,0.7266943775754717,0.008573681377443697,0.0007022416457779691,0.024629344432330513,0
46.38963033032229,1.0211101086538907,4.606253056527681,1.0006012231794787,0.15869733797214186,1.98189468163424,1.002719467131596,1.0134846959705845,0.9998774317909934,1.000516131372336,2.037026631535027,0.017517946491878465,0.0112677778517649,-0.006075130998631712,0.0011263271583944884,0.004018242761990555,-0.0005597452198061418,0.0012612999817409175,0.007535927457013263,-0.0018041665900774741,1.0144599447573601,0
46.87116975342942,2.0062881325349577,1.045599659795694,0.9999813211719148,1.0045512909745689,0.28330796762203686,0.998591279977351,1.0769031988515327,1.0001749399776128,1.0000045089002438,2.047772502322227,1.0383445416362433,0.008826352260431304,0.00609600691617054,0.0057921361432039095,0.0033891724452032018,0.00010197769087866507,0.0034781248117006576,0.00582942289123032,-0.0019843188674263327,0.9664963040513387,0
47.167592296669525,2.013930379916811,2.112460905959994,0.06205593524552831,1.0067036596660648,2.9947408225580583,1.000277291896436,1.0133225244093327,0.999881464082208,1.0002126130161895,2.0161068754719382,0.01720619307686015,1.0858488608795889,-0.004522115907899297,1.0447145238498008,0.0019525823506077635,-0.0008268927628281981,-0.0052660540034712554,0.0059721594488586745,-0.003382382635912253,1.0181549790768774,0
46.95183476692911,3.0241735409431802,2.108251609404635,0.16020624662985028,1.0072321044800732,2.005486704040485,0.9998071681527908,1.0574184738536312,0.9997237278388844,1.0004131612668352,1.0555220885089434,0.03510631739294552,0.008088945818847938,0.002114861055434106,1.078587357031739,0.003893315839514763,-0.00031700946773602264,0.003995923005835948,1.109735371045105,0.0004831393305520115,0.0010723112768326265,0
26.89621778394516,2.01443701169422,1.135055267849484,0.05403167273540109,0.16398558675209868,3.022753698364276,1.000329666055705,0.01587556540421845,1.000240732619945,1.0003594613870612,1.1114423257819894,0.019370558461189652,0.0035422843129533496,0.004593717605709972,0.009285362543282582,0.002403391972503624,0.00010054756828385048,-0.0011290261625936677,0.004931654648173851,0.0020300792742427663,0.02187823179799058,1
26.54783905021465,3.0144746785565237,4.467024035458528,1.0042093644993186,0.16229110172151034,0.4094329884795881,1.0002769676647099,0.02731349938433483,0.999949163324208,1.0003008962714348,3.3902284699046064,0.004661752768151822,1.0965593943556773,0.007300154220687044,0.9608503911096147,0.0022667735351659334,-0.0002750508489684943,0.0023507511147487985,0.0038290772128325855,-0.003423801935107218,1.0205174671981072,0
47.2626858679289,1.0175096159898294,2.0441838111054014,0.10982070304337341,1.0074685115373296,2.068347383555869,1.0018550982669845,0.023515551976357706,1.0002553437161965,1.0004292296203345,0.05195222174196139,0.013891358311032671,0.007292203832884649,0.0034040938727777476,0.009947046576997718,0.9707678563574613,-0.00017767100238084117,-0.0035616405601204934,0.005806833972552791,-9.982505464292011e-05,-0.004876141217344082,0
26.687150062414588,2.0092899269189157,1.1435217818911914,0.1456667403301101,0.12984620779168604,0.4300577180680808,1.000699619907778,1.0373011205777283,1.0004308217182225,1.0001883701588965,2.009713785747009,-0.002275319220999371,0.007925663342579173,0.9719218960484824,0.00379441663052942,0.004915849077577627,0.0003101777501252415,0.001205454931539418,0.0007277248963633432,-0.00034264663595096615,0.979194977189853,0
26.87273318851459,2.9910417731935017,5.002273716163696,0.10512662220634114,0.17204855031472088,0.2097162507323181,1.0013114912328094,0.02911309029932773,0.99961436403598,1.000579136460612,2.00237434813824,2.0387111683096375,0.010923533128990859,0.006424406785367806,0.0003181410034118376,0.004186969718654642,0.00015485190404899968,-0.002046970807477921,0.007193006757487517,0.001637311991596071,1.01057706166409,0
26.56289942216259,1.0396210039398481,4.748990913308729,0.12007760616748002,0.15731017624801963,3.007801626368953,1.0001350744262676,1.0522646225567707,1.0001874565462805,1.00044276194686,1.0786190524348722,0.01382543726850195,1.1304576081080375,0.0022078901925879136,0.00396969758641826,0.002654947708906145,-0.0001111958752031666,-0.0015500900630409501,0.00873490794928601,0.001553435878774776,1.023638272163038,0
47.597377043154594,2.9799136384307463,2.097477995617704,1.0015755744103496,0.16099266110109664,2.9948433588571124,0.999451142278348,1.0160577193852862,1.0003694116717585,1.0008279415729235,0.2078333572955975,1.0147261114891557,0.01027245359926162,0.919773225983119,0.009234258535834346,0.0027101588054214668,-0.00027978684953121954,-0.0005908980471960101,0.005415829647990136,-0.0007103291049153607,1.0438923873457349,0
47.02423004775272,2.0070054035869607,4.888672887212611,0.13765205066355113,1.009993799960641,2.9770474306384465,1.0007182902908591,0.024903449853566264,1.00011882708377,1.0001751822863472,2.0319000472745374,2.2870020506488196,0.9821217343052042,0.9776162755868685,0.9992591934789874,0.0033136929600965635,-0.00016104293161410733,0.001806842593560199,1.1819455225750033,-0.002789639899023075,0.009558385457798066,1
46.6441472424795,1.0336878267119356,1.0513199395651067,0.08206682740933216,1.0053208037405552,0.3260829317857657,1.0004300951565561,1.0078219928161276,0.9999924297830707,1.0003981527854489,0.08021018986634754,1.0349353620395416,0.004663696316482945,0.9650019915857276,0.012966905121163011,0.003957877151631838,0.0006205944041434973,0.0020292496659811096,0.004501775450751435,0.001407401286132696,0.015009161536650252,0
26.71133143225546,1.0309699362371227,1.0797883651239568,1.0037373065631159,0.1389139154918405,2.0077190682883086,1.0009477188819653,0.032742135082414345,0.9994370406693922,1.0003603902099514,1.0644123592268573,0.015433079348297494,1.10871766399374,-0.0017480838431371288,1.0395860682982374,0.002427420852055327,0.00034387021687929667,0.7523028222172535,0.006968930317203786,0.0004962959455301401,1.0047297168541223,0
26.60259680540252,1.0145752739460434,1.024470032507356,1.0030479968521286,0.14688495040612573,0.36555956617408575,1.0006061829213373,0.025499769340776267,0.9995568298290121,1.0007848184389265,2.0553491418369583,0.01559155368580312,0.010617163744660171,0.00019853541189126947,0.008937120876904648,0.004229442696991493,3.893112003716489e-05,0.00035908431406939594,0.008821733412564125,-0.0004996870906495415,0.018038643741132242,1
47.10712602632741,2.028207545724028,1.0607089149790259,0.09811126438251119,0.14352964908137528,0.4454619770741193,0.9996816669379543,1.0614054558713177,1.0000113198626328,1.0006208425263843,3.2355967342589658,0.036313802280317796,0.015655944984027833,0.010302168058893488,0.009175488297362781,0.003914964617879754,0.0006413572161669067,-0.006575701891800959,0.008492889813148576,-0.0004999456226109282,0.010753031922538826,0
46.855121038508464,1.0216996643810046,2.096744516254488,0.10945871870404589,0.18326667559826454,0.42976158652096647,1.000133145020595,0.01984700088336267,0.9996276762521475,1.0009957127090228,3.195401394518529,0.03366765798028857,0.012100763950737564,1.07091066851903,0.008270228889161946,0.005004523315118234,0.0001981507367829472,-0.0004136700104508899,0.008011692811246285,-0.001347593050414129,1.0112508868810655,0
26.378518935350886,3.0299925659343927,2.0879593871994993,1.0001442933404654,0.08013854277363192,1.9333454003596113,0.9989018769027215,0.03242655572897575,0.9995980701600604,1.00031627003729,1.0571510721808985,1.9455490135759057,0.012356210888650902,0.0029424319352857704,0.006039240635043374,0.003070826458214675,-0.00010405964731227084,0.0011236495516795232,0.003579182768096185,0.00017159803879310633,-0.011318532476429857,0
47.59494866397171,1.9930357842588171,2.0444300983624166,1.0023650421610275,0.1507175329739598,2.020142056737531,1.0009862773966558,0.03241196688939173,1.0002034837294487,1.0002351364583157,0.2165700341425453,1.0597250102494402,0.00570088614271038,0.004704275613277867,-0.005202009272915654,0.004434873279899508,0.0003601530605180805,0.7149047134307189,0.005119481252294118,-0.0006594802638989937,1.0083659470895365,0
26.33686223336101,1.043227183212351,2.1088786796668932,0.11740791576002227,0.19006760661784555,0.27839506720831714,1.0002076617108544,0.9838128639139669,1.0003175604573096,1.0003484612217508,3.2907619203434,1.0190227655246429,0.009965253103101446,0.9950299372911399,0.00045728660033788953,1.0216846760439962,2.517324878893582e-05,-0.002388117046439477,0.00782890803939272,0.0009018192439184902,0.0061276846035169565,1
46.74400350644823,2.018069029982914,1.0468015124165229,0.14973215290214714,1.0060261821083438,1.9686649782475676,0.9990513556531411,0.029513223354773792,0.9993734780197527,1.0012547721330918,1.0926791681175263,2.1830234414713217,0.014746640356626586,-4.307662064629973e-05,1.1743891372495208,0.005497602317597264,0.00010712262924780478,-0.0034906883147976984,1.0074943181018157,0.0007614651071332657,0.005003398609203881,1
46.941296319144854,3.035161761957005,1.0564878687527095,1.0032130421610395,0.1742452571696102,1.9818826872997897,0.9999690045897863,1.058284178757192,1.0005776364272565,1.000463358501519,1.080007840492945,1.0427642666074988,0.006203713741294677,0.9670190230516285,0.004997494817856976,0.005435184849376573,4.443904572221862e-05,0.7346384022966669,0.006641810175279059,0.000912598882042308,0.027733931442543838,1
26.887005415721394,3.0135916671044503,5.147516190384087,0.08081809499551543,1.0051036911364466,0.5979573257839911,0.9993468043801452,0.037215630083947945,0.9998663229532562,1.000483620073311,1.0263560215818,0.04390313465281758,1.195429994351863,-0.005144629507899043,0.9833270099005584,0.0018743852324976033,-0.00017127513420495068,-0.0050034055511188405,0.0077419693169123215,-0.0009955355095016994,0.005179611256141047,0
26.386517469908075,1.996025291434468,4.990623718768531,0.16232314921533575,0.1511861210024078,0.3808132141765499,1.0026395653804279,1.059352695523312,0.9992919642731384,1.0005172833684544,0.13997298112994377,0.011233099252293714,1.2163834715022985,0.9165668229897432,1.1164038356702004,0.002761683569098604,0.0003459631386863838,0.00400199662523619,1.0112896380524905,-0.002234875012820071,-0.001851969891884412,1
47.2665883549644,1.0171943655024762,4.938904950939232,1.000012178366655,0.17019129811749897,2.0172931540960874,0.998513031421916,1.0071952483070223,1.0001677533090039,1.000781988465602,2.0867707842682037,0.9826477366007464,0.016004799906582507,-0.007489676491279981,0.004931572680380581,0.005267109285672756,-0.0002328787362378222,1.0665846169535156,0.013139606266470238,0.0020366385491195306,1.0139392992424021,1
26.6629136283346,3.05129381756357,1.1251661060004798,1.0081173982524314,0.1663291138959701,2.9707125823777205,1.0013746484845198,1.0309890243148419,1.0001020582845153,1.000527452217206,2.0079912134762328,0.02034976752237184,1.0287419420716801,-0.007497581308234606,0.005660440854735712,0.8962172024596166,8.095072858370403e-05,-0.005278975108275176,0.008076352429904076,0.002319329059101282,0.0107763909558623,0
46.59160167171989,3.0051347517382365,1.1178866675820733,1.0035532239757656,0.12610649726766787,0.40006321631547814,0.998605856790958,1.0144336876362674,0.9993685460252195,1.0003639048686304,0.07843613431627142,2.0170540149115554,0.01202797472746165,-0.021843954236358938,1.034917370076169,0.001651016473993684,0.0002199682318814732,0.0009029961389100472,0.009497471371665936,-0.0020601155347286415,9.614580099386776e-05,0
26.783599615480995,1.9981183501279272,1.0672212720065541,0.9981250262859853,0.11514348708597419,3.0030956096561123,1.0001407672431628,0.02130080819327544,1.0001428489757775,0.9999505658363641,3.388787745212326,0.011322839660139184,0.009838934887011064,-0.00020686322177104505,-0.0016353148711754526,0.0013231524792885227,-0.00032194934246983415,-0.0023505699396532474,0.006114721623270814,-6.527214285967288e-05,0.9984810891427741,0
26.61718459305654,1.0336958829720628,2.109263352392125,0.08964975117060917,0.13782843766565472,2.9738646667855537,0.9996370137202295,1.0146912944504658,1.0001197339536108,1.0005259140615215,2.001470750703373,0.02142644152270478,0.0036049851863682305,0.9139166618426603,0.003270885244351788,0.0032680271375165448,9.993929857292412e-05,-0.0027060783712190106,0.00902252939385586,0.0011226320220438135,0.018426498032803464,1
26.76728154000564,2.0195068364100828,1.1483240993475996,0.1191063281110489,1.00548954209945,0.41810094329337893,0.9989888124571713,0.012024052194093422,1.000048528405201,1.0003978694253297,3.1236111805485858,0.02093090069489612,0.018480400816344514,-0.0062575060687545874,0.0026600491475644956,0.0010850680526807476,0.00024038092510523707,0.001991515931833356,0.007262260265270709,0.000986210862833082,-0.001748066602103639,1
26.400223322084006,2.0409527984903644,2.1358919721164975,0.1258389642860691,1.0047031134817885,2.0231668014664246,1.0046991820265616,0.026370005667794436,1.0003476106358715,1.0003898764932526,3.1934197374849393,1.763316808859351,1.0118367059882871,0.010232879768608864,0.004508866802161519,0.0035413062598494234,0.0007838503934531381,0.001291743425192434,0.004226241579563849,-0.0004972353041144995,0.003749864529431193,0
26.967818237633768,2.0005620185879844,2.0868455260688585,0.09280677522408726,1.0060088836696017,2.9943031654647227,1.0009880035394476,0.03703544319240304,0.9996648417463321,1.0009537486484563,2.01588449653754,1.0571622722538092,0.014929823693339955,0.9565652567496238,1.058128050835269,0.006304106503667154,0.00027962558791660454,-0.0016462592583516738,1.1369094640566488,0.00017242050502499484,1.0310171049645542,1
26.459493924472955,2.0137906007167174,2.069929347971053,0.9989841545822481,0.12853098171986185,3.005421456989344,1.0002262950785523,0.024203528190499257,1.000124385398134,1.0001385809104477,0.17922912773524127,0.02728150244362156,0.007307406889869294,-0.007908887009529084,0.004585647151319176,1.015367923916674,5.3672763706306085e-05,-0.0022254378006806835,0.010384977072559996,-0.0018532369994170976,-0.0062862170649839325,0
26.925649619750608,1.0106180525143085,1.1358082088711978,1.004118709885323,1.0067107155664068,2.984342832514409,1.0004946240432546,0.03436083509397049,0.9998370908435951,1.0003527447798526,3.2853058197386362,1.0816490795066434,1.078650134403045,-0.006741787809525965,0.002680312678830037,0.005507689020731835,0.0007713742814379833,0.4985819705092839,0.006726433376290564,0.001661984894845264,0.991271860268233,0
26.323775702599708,1.0316307412510015,5.103366337987728,1.002729887347821,1.0053660421476536,0.15428219484275427,0.9994198693934604,1.0285761836837717,0.9999715136472479,1.0003958127821821,3.139612242974391,0.03183669244280124,0.016906433147172786,3.7788197152858896e-05,0.0014199170766598474,0.006312925777076819,0.0003539495584467345,-0.0004045706804622443,0.009301695949087039,-0.0019604512942847864,0.9774743907669705,0
46.5894845755974,2.020195961497299,4.888853985203256,0.0925710870809888,1.006374762317725,0.26945782507024924,1.0004073518621746,0.016360901298112192,1.0003224677407232,1.000359442920629,0.061900969643997196,-0.004387990532125111,1.109181047227914,0.985811601832838,1.0639785030031654,0.005235885570123582,0.00029824956481318385,0.587319326739852,0.00380000465426564,-0.0008889328997645539,0.023551380338172632,0
47.32242622369877,1.0211739267351931,1.066070451384072,1.0030555925018596,0.16722592660259672,3.0191050615508392,1.0007035404904485,0.039153193945487566,1.0001093332336732,1.0003872165538414,1.0316259376047738,0.002940383381878465,0.016054476134505266,-0.0012650785502517012,0.008699208632066718,0.0032101903940321094,-0.0005021988208296675,0.5700898044740792,0.011119843526313932,-0.0015210003325199352,0.02771485865853082,1
26.389223786495208,2.9767053270514157,4.785581056029527,1.0061732050793324,1.0081241572906097,2.9954339754365082,0.9995932469413428,0.9851062175667582,1.0004726069131036,1.0005199591872134,1.0768532749667146,0.8710347464909964,0.010955543962665511,0.0014298664501881829,0.005194536564407061,0.005940098888901481,0.00013640670362799947,0.30477230845858516,0.009539057873575063,0.002250924631323664,-0.006150096703647005,0
46.89829284283503,2.030338463535753,2.104081879471841,0.999171444312841,1.0082090873860885,2.9848620465663913,1.000096778609039,0.025004450129959842,1.000155960113015,1.000195852721604,1.0827929340234612,0.004166919889055801,-1.8702401481198518e-05,0.8929032537677044,1.0008161795277053,0.004260920497743202,-0.00032336608359192576,0.0003373219698485269,1.1290684219443652,0.0015584069803660815,0.034641798807046466,0
46.502441044198115,1.0525710115014533,2.1027682310130906,0.1286755658121531,1.0054473987846797,2.0441352802413664,1.0010362868385112,0.008439629852962012,0.9999882982626601,1.0003545012914354,1.100194701929052,0.001080521983206859,0.008201957260673813,-0.008873259994122785,1.0658720822128485,0.003793589794550241,0.00016526921701251102,0.0003052331337987828,0.00962419523540963,-0.0006383768221025325,-0.009290441634359183,0
26.332866747966975,1.0184913837961946,2.119950523337195,1.0005153112163618,0.1354591313668069,0.3420876463451507,1.0003563119499863,0.011604093708708055,0.9998693721299723,1.0003322807909834,1.0068809116747564,0.00932676535668661,1.0820515230332346,0.9527848268708431,-0.000525754596447795,0.0015839646474857295,-0.00034521520357098706,-0.001971287732416927,0.007942949269500886,-0.0007185066936913682,0.021102538990317294,0
26.537212257167536,2.0307073144081937,4.7075876851989245,1.002036005906595,0.1253154287120587,0.4803205923510111,1.0015270379377186,0.02046201951532758,0.9998751086186456,1.0002233039356652,0.06355736466840144,0.015975185529951,1.061913507540351,0.8983499526433448,0.010914697362087897,0.00374193768864306,-3.450014642808434e-05,-0.0017698829613891401,0.008319072293691632,0.0005725774703240877,0.005036385139023257,1
47.08696132008499,2.9865187435316494,1.095242282371102,0.15255537917677411,0.20698627944621717,0.17470292325114065,1.0013528946827828,0.027358317905647744,1.0002651452881268,1.0003827942744725,0.07125016630145253,0.023939745991772465,0.0052481853694353155,0.9645435897205625,0.007714075488047449,0.0034552450848693143,0.0004835172738637733,0.0003308792977388121,0.006942088485517781,-0.001347905022699732,0.026179660457308115,1
46.729997625289435,1.0333905118209437,2.057860941823873,1.0029981959751975,0.14466842525806395,2.9793707992350575,1.0004591507082448,0.005194823651515945,0.9998525357691486,1.000316686855297,1.039372874211,1.9554056122511003,0.006256493385713697,-0.0015790950438664053,0.9129061389191072,0.003567371566381108,0.0001506423306231967,-0.002472604991765446,0.006586546875625477,0.00019812201598485053,0.0048624574005678815,0
26.335534943157796,1.0249409006257768,1.1400730413462403,1.007022584879865,0.1681211949358837,3.0024620962585367,1.0021032457370807,1.0242517699823448,1.0004072941155149,1.0003236800426787,1.9895190659174848,2.036858717566677,0.007131258353230467,0.005007371677437189,0.009923614070340247,0.0029339949848168406,0.0004195626065466852,-4.702893075194976e-05,1.009220165997622,2.750533086314743e-05,0.0036136597189653005,0
46.72510373574349,1.0236261703663665,4.6799712016300585,0.10310276986159536,0.1029425044400097,2.025627769879144,1.0015711887215715,0.029277748776482367,1.0000154827021943,1.0001438944851098,1.9959191256740056,0.019584739308490733,0.014222354349104268,0.0022260574617529575,0.9706997636988329,0.004876331038235344,0.0005420020411807954,0.5420526131029958,0.004149969297141831,0.0005034685988303565,0.9961261088165455,0
46.900132692812285,3.0376108541253286,4.780236196722515,0.1235046404892034,1.00488783371425,2.0332317847175054,1.0011201808325056,0.03507511003370714,0.9998609836861665,1.000487583100536,1.0432475901927332,-0.005905404603035817,0.011727511178866317,-0.01576299286775237,0.9703230814497535,0.003232176254770745,-0.00019108705877666457,0.0025573130605058927,0.00898332672849002,-0.0006915744635792,1.0020491262411695,1
26.785940753295552,2.9921979062349915,1.0435280579748252,0.07375171519953266,0.1696361203603134,0.34066388220574867,0.9991367667698504,1.0160436603353349,1.0002849540011451,0.9998227619328667,2.0204261789279383,1.034644393142944,0.002439067368994545,0.004209456796956049,0.008173670310302528,0.9836201996719385,0.0002160608567146643,-0.0017460710488229672,0.000942169210785203,-0.0014726545170820446,1.0188680841711446,0
47.10189238648294,3.0176255895599744,2.1220441115879702,1.0020477343433118,1.006920070066802,0.07666146831660503,1.0003170017487075,0.03397262205736253,0.9999800941839532,1.000301475599994,1.0590350500201062,1.0595160840471254,0.011854307396571064,0.003855055638871902,0.9770425642153732,1.0041941641155487,0.00011564040498753068,-0.00021721555916692046,1.0724453775352223,0.0022248182540292026,1.0226326610116296,0
46.734036878838545,2.0242010125210803,2.0848803256040846,0.11922864108192244,0.14225823150034728,2.967301688406292,1.0018290559638936,0.025681808613420648,0.9998043956980031,1.0010875097903222,1.0432365093600047,0.032316468594500325,0.007790219967850685,-0.0017603186538105958,0.007525957045984435,0.0048066628532503495,0.00012291003872732308,-0.002436630655191112,0.013316491971724475,0.0005491752479398656,0.017773898038875746,0
47.22953948224728,3.0488890812797336,1.0823434041470923,0.11704677698256846,0.1520964487227846,3.0213716096818612,1.001042150034539,0.020130345593448812,1.0002211925176892,1.0005609274877896,2.031377412444717,1.0130751642838005,1.0900444204556212,0.00014062314436561022,1.105394230930937,0.0048690000209589196,0.00043084235542719296,0.004088379823581358,0.010198530852420992,-0.00016610989455490075,1.0178434486759576,1
47.030068925833895,2.0263182378205107,1.0603018797435468,1.0019017567398893,1.0034297518051878,2.9833939513105547,0.9990656991987168,0.007485642879326319,1.0001238771549317,1.0006869418274664,1.1058201581392284,0.012117809704883822,0.012154342361012165,0.011580204599785851,0.003233527704957064,0.9880463555201895,3.3898084233671145e-05,0.0007738921987478908,0.0037098206661240613,0.00042713194041928316,0.015647908126706148,0
26.629901104233042,1.0108862704161368,4.7302172025647815,1.001445027554034,1.0075198078375673,0.3396105615061668,0.9989400034922569,0.0189805643467646,1.0001443974946695,1.000215035880509,2.0678617780840867,1.0117707451956865,0.017810470771823288,0.897858319138992,0.9654612935520134,0.0039580611237006545,-0.0003535305399308687,-0.0009872836088574252,1.0809747276822697,-6.204763903841653e-05,0.009952418290295344,0
47.11993690233784,1.0258733599531311,1.0537221484019514,0.09298792812038817,1.008303739849723,2.9920419522682438,0.999553081322352,1.0388220618008772,1.0000539288107526,1.0004234847459383,1.1135647922660692,0.022983149110632314,0.017041653694081046,0.006380906168615828,0.004370254049303953,0.004261250089397433,0.0007254341392764577,-0.0012609259197325865,0.007365867266647924,-0.002254126669490959,1.000701664794843,0
46.34534830370874,1.0152480584798305,1.095826070580342,1.0014418491180506,0.11500468915262047,0.33074239617130585,0.9989024478810905,1.029541243455895,0.9999705678354631,1.0007230434350964,1.0724964005138764,0.0378721679299452,0.011934183083629838,0.0015176212809033585,0.007913718472889172,0.9608164450339863,-9.086174609258967e-05,-0.0042465724821565826,0.010397386445897954,0.00022091124940298935,0.018743166194962402,0
47.674307897635536,1.0206390021748157,1.0439083252847359,1.0016242996249574,0.1340803483921606,0.24535097226065505,1.0008475058791553,1.0733343497239527,1.0004175552369552,1.000618050199603,1.08504415129722,1.0356897871285933,0.009783457049268862,0.006426964575763207,1.040157873138207,0.0038625841144167223,-0.00038028337493078334,-0.004354311414705611,0.007321173028108962,0.00045540580036932066,1.027588091348608,0
26.45420079885061,2.008909140681108,1.104967935741576,0.11678156405503645,1.0072235542147567,2.9881459395718126,0.9997094320141839,0.021909194926145042,0.9999667265777813,1.0003445277527123,1.107877480128025,0.03257279911554027,1.1722170102017204,0.9959751268826216,1.1249036303858968,0.0030091532678749922,0.00021920820883571666,0.8261452254250561,0.0073176613935831535,-0.00010612490011305564,0.01639979308326839,0
47.079160677985016,1.013964562202033,2.0314369305182853,1.0034728621709463,0.16459613832984088,0.30156544936192753,1.0011970644583923,1.0231336366185497,1.0003900775424461,1.0002211780210937,3.500113393814795,1.0464439894574706,0.008138249169571525,-0.002176822095647507,0.0072983949798701995,0.0023461311155277627,0.00023919865712185824,0.0011623413449223033,0.009181619022230761,-0.001994798183119763,0.9925011940227605,0
46.85604808030662,2.0079652101739427,1.1157458570386058,0.09143448071390169,0.14719648754573114,2.996379303019987,1.0012845895497013,1.0148416593646794,0.9998471835666352,1.0007508455559775,2.02312808306468,0.018110376300563186,0.011580699092809753,-0.008445288799038256,0.001990717643072712,0.0020763807212965907,0.00024079862034213356,-0.004730662065437004,0.008248436903789581,-0.0002593399098033409,0.022512208614476305,1
26.81530602793284,3.0363358336141246,1.0964367546971407,0.08862120202049158,0.1779221934596481,1.9965621495449863,1.0003346655030196,0.0343742568263878,0.999948230282437,1.0003837293123132,1.0655850614028326,0.0483504139241373,0.007490038997277377,-0.0025421606395613088,0.9935237873715137,0.0024434225268682363,0.0003321068615745802,-0.001777798627622905,0.0067352214514306615,-0.00016027797364731168,0.9942921854534946,1
47.17020756945925,1.0160045239431652,2.1206915285081918,0.08386940110340602,0.1372068378786369,0.47971997772078856,1.002475106541762,0.01727295807298748,1.000396182646088,1.0005126516541691,0.12533879994174935,-0.005055755610417619,1.0002543331789786,0.9708585438735573,0.9302365243148994,0.004396646041326704,-0.00010016206292300427,-0.004552789729603568,1.113584107337638,-1.7087283379272648e-05,-0.008519935866705318,1
47.083427669439146,3.015525563083659,4.8349669786521865,1.0034122025417298,1.0089641570934325,3.0152471924459108,1.0006832089870235,0.9704935334975147,1.0004966803014788,1.0000559892862055,0.0953883214777177,0.021477703263592506,1.0112935349658352,-0.00479153626313764,-0.0014659926899897452,0.002423802684763813,-0.00018412145209713843,-0.0011011326748556892,0.013908542766184973,0.0007211376432061954,0.002536015279303751,0
46.62824890883821,1.0474586588377157,1.1024628228211253,1.0040169324651746,0.1642856983242369,3.0153665743444362,1.00138542324596,0.005855774040328082,1.000234248627337,1.0002162945120967,0.06184275261217459,0.027408475063269693,0.011677192523961847,-0.005808973259572961,0.00717329015236747,1.0592831087247323,0.0004173685802790244,-0.0015775464254495462,0.010852079595955974,0.0027418506138227284,1.0234673288555303,1
27.18329458945486,3.028405478458639,4.963810758961262,0.9985351780100086,0.13779065292969445,2.974847361410891,0.9986132111007215,1.062354553276816,0.9999646310168505,1.0007252825420587,3.226473292218491,2.048825127426651,1.1698524195984235,0.00024119362897707431,0.0090616582411793,0.0029942820924360944,-0.000286319506094945,-0.007367191082210069,0.0038252443776061237,0.0012124405527068624,0.011111764328942859,1
47.40605121111072,1.032371986633242,4.492117529716332,0.10877001554601665,0.18567711393999425,2.0243171369446764,0.9998426071139547,0.018583369135620094,1.0001170490800553,1.0004478138096522,1.1070392811927827,1.098198547948186,0.005811552950677833,-0.0008358180588945312,1.0670842688995013,0.004042758088861025,0.0005718272623179076,-0.001817957242376691,0.009590312756275893,0.0013439835382411487,0.01427845147201644,0
26.375123105571795,1.030870849793597,1.1013257783113728,0.9992673049287529,0.17427205658932682,2.979932457842136,1.0017511821003138,0.012582642800658088,0.9998641168836631,1.0002660373863084,0.1132388013590595,1.0707117082448496,0.0005041283179964515,-0.00040961233702612864,1.04031753829949,0.004759437762517042,0.0004391733629784636,-0.0003801784263523027,0.005477720109114863,-9.722237031026883e-05,1.027638257405533,1
47.08656711072222,3.0467176871861077,1.1326719806577081,1.0039145909539986,0.17569649291703926,2.005039496228697,1.001571153501079,0.03968406977211952,1.0000651018089346,1.0000547442145102,3.347727812116912,1.0008032709296237,0.002383465987602014,-0.004901758639379729,1.0388610426382283,0.006157143382818262,6.845629138507022e-05,0.0053873567998660825,0.00912877072038247,0.001412846509738596,1.02892038145943,1
47.31665046862387,1.0446491631292127,4.96909325226203,0.14057528384706064,0.16634710130310193,2.9836961197173433,0.9995139238560935,0.01445393652378084,0.9999824721683,1.000297917823236,2.0243284428936987,1.0491339924481715,1.065966801323609,0.8888454716934286,1.0312349203433382,0.0033047121867763253,0.0004859779482778941,0.7227271459367937,0.006406718828132039,0.0013567811751225129,0.006038185485657514,0
26.70232116794228,1.015354918519874,4.865059656670193,1.0007192452702915,0.1513641012946536,0.24476600681811617,1.0013963207372705,0.04100813679165818,0.9996146426085055,1.0005351446014057,1.0605960346045349,0.03519074473115096,0.008227934671716045,-0.005217889785154983,0.009661244489018847,0.9865719533121579,-0.0004341231059629905,0.0032930940994178254,0.008265412001266128,0.0007065389522548199,0.01398228694706323,0
47.41407773455671,1.012042630922314,4.912674096714161,0.09198422521194005,1.0074401175444874,0.3361435710942958,0.9989047521140815,0.018136598638402883,1.0000772169854597,0.9999493191774774,2.0675677959923124,0.005917898130315133,0.0071065172771907995,1.022701412724694,0.004896666023431834,0.00317367313688721,-3.9565457600370775e-05,0.0025997720603462846,0.009642589368817423,-0.0009983370287542212,-0.0013429576722899508,1
46.349983512699524,1.0167989184180808,5.073567935633051,1.0044659751170268,0.1126918957370186,0.23782726238760865,0.9994892075706799,1.0595683062489833,0.9998032042414083,1.0000804948812811,3.3193153042573993,0.01656471227622086,0.010245940682651418,1.076266084541881,0.009429426448694033,0.9638659207195488,-0.00039535002111868405,-0.0002651087188797008,0.005477198757231339,-0.0010722259645332347,0.9791587063402725,1
46.8442682133988,1.9978672679846845,1.0963338965557878,1.00382751191512,0.16788233418873016,2.9845904458583394,1.0040352640928416,1.109403892530004,0.9998474709411961,1.0006941651464423,3.224375781164646,1.789222234974766,0.014917171026547734,1.0418205404085183,0.9860264671966932,0.003955149930507466,0.0004582784484243433,-0.004529701258877935,0.0010396224621717154,-0.0009261084682703173,0.9992741643194664,0
26.447471767300645,1.024192833813625,1.1003109336314987,0.11741505761320359,0.15811348798051106,2.9932844202692124,1.0002292725478712,1.0149689382354017,1.0002534474425653,1.0003657756579902,3.103948613827215,0.010346271862156094,0.009173336507495182,-0.017477179519599963,0.9713261997471153,0.004487823078038029,0.0003880730870421061,-0.0011105615296468014,0.006198725793827514,0.0011424933318937539,0.011259539754654324,0
46.57025124312416,1.0217117709953614,1.0674787619268344,0.11774173100916005,0.16906770012584926,2.0219913288384017,1.0021936568768242,0.014698272818300325,0.9997985239077721,0.9998968892626551,0.1728134105304498,0.018912881072181677,1.0062480069845074,-0.003650873274281091,0.004920773898969827,0.0009646080709133085,0.00034443283346578314,0.004541333471573157,0.008697730765950413,-0.0006437641350909357,0.023398708144754265,1
26.67682975329176,1.0292185802919827,1.0687514935993185,0.16764650628333855,0.1574676254593978,3.0019825985005686,0.9990055797144857,1.0271246888948768,1.0000126466384411,1.0004406281966929,2.0289134787255523,0.018176876210248778,0.011194100911205169,0.9027475895508551,0.005513856229463633,1.0604188140777444,0.00023686361986830322,-0.0012896409156141165,0.010843201033305059,0.0020275049271669516,1.007346174793801,0
26.376005343600646,1.0446396261840345,5.137823710724228,0.07335753486894324,0.14541882298635872,0.582611378395338,1.0014877710170065,1.0140413552610728,1.0001821940145028,1.000669193058359,1.0592946587900223,1.074407122621896,0.008265524287389909,-0.009264794213399662,0.006117846890253922,0.0056870510011916234,0.0003382705463304239,-0.00018898837359230465,0.010938187750952967,0.00185791825571818,0.02270332926876856,0
46.5655535299801,2.0127303117929456,5.10209590918323,1.0042174575651528,0.16892871351339978,3.009807240486397,1.0011769642587787,0.01726180363362112,1.0001805516617506,1.0006398708021769,3.148003968670472,0.019662983821883754,0.015555629336959382,6.165228364948735e-05,1.0621323449291526,0.0051579155706260645,0.00044715636302911836,0.0026690156800114034,0.010154528753451535,-0.00042310266961998453,0.9740732045014051,0
26.413813297317194,2.0296356459362417,1.0551953064348643,1.0007393492152312,1.005209350254282,2.9867351422431274,0.9994768904225945,0.018226180805577072,0.9998587658111407,1.0003797791907751,3.0443988226896495,1.0666876910451113,0.00370416692735148,0.9150267777186215,0.9879755111099284,0.0038358338565017904,-5.449703268943597e-05,1.0221953162424322,0.006702693288684012,0.0024413623761937,0.014277539638339061,1
26.648888585102277,2.0287918007535897,4.866250302244053,1.0041568045505123,1.008272425389355,2.0442359205878513,1.0003890785562808,0.03493088128567274,0.9998585345644238,1.0005811354742171,1.0789898745755668,1.002220791731999,0.005690451870628426,1.074159107030417,0.013693324877922094,0.00420806957710095,6.812440855908562e-05,-0.0008369347517321644,0.009528417501110859,0.0008861997005379768,1.0071360008565908,0
47.295379872065496,1.0451256825816873,1.1127760185392295,1.0073498031842731,1.006283154675642,3.014625198443445,1.0004974648469027,0.9762675748834279,1.0005760868527152,1.000640547726277,0.09587871760192371,0.009019898860362655,0.012425371971853887,0.9558251318627027,1.032737007516573,0.0033013641348268925,-6.759732721683023e-05,-0.005066641856259985,0.010434614565911824,0.0004367234965062438,0.006768869323241348,0
26.557232041244742,2.9699355505519027,4.888406691680736,1.0021809831215673,1.004761461978206,2.0358570301299976,1.0016546688747787,0.03502136153645802,0.9996744298689042,1.000784714003966,0.07731926646885792,1.8708390439043434,0.014611240109863304,-0.0014205875563998017,1.0448885075106078,0.002674797815725365,0.0003324528172493785,0.001362462560189748,0.007163281909811128,-0.002031565261644095,1.0317150935112605,0
26.943766964621567,2.0108140982204024,2.0789660344274568,0.12836966808107736,1.0094512904417283,2.009360614134037,0.9988389506161639,0.03364052653140404,1.0001443339475422,1.0003947917460767,3.367560892991876,1.9949331958827554,0.00653243733834068,-0.0018072612397318916,0.0033232608404911252,0.003186936504311014,5.29347160124213e-05,-0.0025949954472878505,0.00931852123280395,-0.0010680508460727165,0.007453179989745221,0
26.433335082836273,2.010399557116589,4.997706426211065,0.13651940306341825,0.15348976697592126,3.008591157316117,1.0004558338522282,1.0269914422428028,1.0004688897184009,1.0006803045575228,0.16531753588157,-7.934921717617466e-05,1.1307905071620483,1.0471324471236059,0.004381977149438047,0.004220658480148687,0.00024905342784039826,-0.0025703504348165407,0.0070709570830443874,0.0006163384581491342,1.0597573357484573,0
47.39409868421513,1.039069444591318,4.671680928534456,1.0075823647917181,1.0058934392128487,2.012949572822403,1.0000822961965117,0.025002787805302653,1.0003182791018679,1.0006375693672882,1.0718927072958158,0.041157852807536845,0.0110866323114075,-0.003410409511676531,0.002252495249602851,0.004106278490608284,-7.107998187356306e-05,-0.002159709034963464,0.008446667474261354,-0.0001082285456259527,0.02541134750766733,0
26.42755575813561,2.032223107280228,1.171229882851948,1.0021585570636327,1.0043884713381375,1.9761683429093657,0.9996996651853479,0.0251943539917231,1.000037331792437,1.000480522530005,1.0511733197479314,-0.008853518299614026,-0.0004689748400747429,0.001927444697912858,0.008851658504680738,0.004443380939381537,-0.0001596078430060822,0.0033040696429572666,0.0046724795406556776,0.0007893761282787057,-0.0038304399441829165,1
26.343668717906652,1.030526894712509,1.18262538616691,1.0023322534439958,1.007367101623015,0.2347564026026793,1.0023710083122377,0.04332838866872292,0.9999524010867626,1.0004434052685953,0.21151548658655853,0.022887096432806626,1.0025733284579572,0.9039462845256113,0.00826767475689117,0.005233193705194845,-0.00018201346869908643,0.9640663977389816,0.00865098108262928,0.001241530241180584,0.9906994356838987,0
46.72531600232344,1.0236629055235371,2.105532772053926,0.0786864038123832,1.0069805278191637,2.001082611208191,1.000776047292823,0.03554934368683487,1.0000685948788375,1.0005191884738578,2.0906521484055665,0.026103144173443713,1.0742491299351473,0.006166677587978319,0.9815923741672556,0.0043387820316236,0.0002977459456531028,-0.0017120012386771005,1.1609910610624992,-6.65934007609321e-06,1.0482805150015735,0
46.55158292344246,1.0274506062268143,2.108671216846428,0.10565393136226733,0.1652949567838388,1.9808923723972012,1.0003631293165682,1.00860996157362,0.9996638873202243,1.0002600828391028,3.4237390991348247,0.04511307172617755,0.01667458798821827,0.9202499102745054,1.0379978058488786,0.001650078186479844,5.5454190847932375e-05,-0.0040680607447541005,1.0388108544957497,-0.001173870544900334,0.011961437137136457,1
47.022699624276854,3.0404813662357033,1.0888817612082453,1.0025965255926104,1.0069111403894153,2.995695852627148,0.9967193812412847,0.026954670144445015,0.999875786434844,1.0002460477855155,1.0385249397660632,1.1470024788579145,0.014633673839764466,-0.011056729861869865,1.0931941916978618,0.004473659326140622,3.714310252022252e-05,-0.00063549804540121,0.0075604993106133,-0.0014073948728955143,0.020840374187535184,1
26.383214220662875,3.0562866050732755,5.005146666755916,1.0025456446877357,0.1594878684429223,2.985103722117065,0.9985961223886812,1.0524217432312328,0.9999402614778986,1.0004142980972845,1.0345213524459924,0.01033019229976755,0.0087807040047589,0.0006219438837424174,0.005164595758448417,1.109595967068973,0.0002768535117639168,-0.00446114711719191,0.008310647966359924,-0.0008909600423038104,-0.0088997603427747,0
26.747936746683706,2.9989922354272043,4.954221582642148,0.1291257541347044,1.0080437039400607,0.292714411977234,1.003433015345023,0.034643644433796666,1.0000049040398002,0.9999075959797029,1.0979575502728167,0.037537765973882656,0.008119619685601214,0.9700912080596635,0.0010426448186275715,0.9765377980255692,0.000356691243788038,0.0026532388288233247,0.006849929652396715,0.0009104983183225059,0.020611049595240998,0
47.20995897323949,2.0249010186855068,1.0759053127715854,1.0057251845117394,1.0068162191094185,1.9673262132659963,0.9989086989766578,0.02179973044594143,0.9997927687593786,1.0005330642284465,0.2133269782571354,0.01983760389880191,0.009720835243790192,-0.010612111353025434,0.010007093607732456,0.0020351471573940363,0.00020351267803474468,0.002365675739625125,0.007944727858455253,0.00018753082442890493,0.01703349382554384,0
47.04560275505654,3.01053835821168,2.100295500050536,1.0049895516032157,1.0097320363237687,1.9752063648471887,1.0014101454578987,1.017036620933768,1.0000188371084449,1.0004620781027358,2.046225211040693,1.1092568735821224,0.009733228244291903,-0.007969829966743964,1.0436119248462081,0.9377449295617215,0.0001354577936606065,0.002577397410299075,0.01159660004838069,-0.00067163682008491,1.0152000793910605,1
26.702455197930888,2.0052772289975627,4.6740749568846605,0.1186045675023154,0.17991300949234423,2.0028195513126357,1.0015113160517146,0.013008213974006358,0.9998160614577667,1.00016519441458,1.0080175520207857,2.030294750273437,0.005429480959171659,-0.01769445185682336,0.9441667749377707,1.0394658908987848,0.00021972794523627743,-0.00010659320490294898,1.1798682792647788,0.00012634716486951974,0.00564350604792059,1
26.862454631397245,2.0149305097173524,4.820534853947123,1.0052241721958288,1.0066348162190335,3.004072297916585,1.0009744034171906,1.02033610005483,0.9999852457145562,1.0008113496767381,3.18341661680549,1.0938311464520967,0.005524323847155361,0.8634606081524462,0.008285324725615427,0.00543339067226245,0.00026267423563718637,0.9129045696276297,0.012297173533299493,0.0008909955124473152,0.010686098124648304,1
47.30823344893313,1.0486829575771959,2.1001015919998864,0.12333378108579494,0.14422208039857498,2.060402668017291,1.0006103494378698,1.0127771792790723,1.0004973925229301,0.9999255555516104,3.1992916762739556,-0.010805973944839252,0.005982715714839026,-0.006810564961270665,1.0272523445603752,0.9242295189182167,0.00035920904222238296,5.924655950006415e-06,1.1334946375731176,-0.0009181711238922764,0.006494298534232736,0
26.177365941815772,3.01073394218017,2.0847155644664435,0.0798300699223044,1.004913665484994,1.9822322285175165,1.0012501313099247,0.03206870086295908,0.9995440587596015,1.0005716238639326,1.040733653993658,1.9894883041554436,0.004991459867053484,0.0025210857879182542,0.005794113500591321,0.005148007446242331,-0.00035243641124782526,0.0005245456695468773,0.006937884711422467,-0.001944448050731033,0.0026952484379531164,0
26.579961772518253,1.022393755639313,1.0865410953009225,0.9993702852425911,1.0047495435708707,0.341919822105076,0.9992718648577136,1.0224852922173286,1.0001444763115437,1.000375402765253,3.074376147516248,2.0507462851275804,0.00793204178893324,-0.011343016390461813,0.010443217581220058,0.00271846930916851,0.0006598175822569929,-0.0015934280661623564,0.008850151285001473,0.0013102316048027713,0.024153392493808743,1
26.263196568154935,1.0174182052175906,1.1402739533819153,0.05746240098545206,0.13934077049954596,2.0196419400114953,1.002737297641394,0.02541769707992373,0.9998697246723054,1.0007957268370706,2.061666726343359,0.01158368185433089,0.012572939695800825,0.9188697278447616,0.9947431231433527,0.003607595531120998,5.9099802105825123e-05,-0.001653215590396638,0.009529779008558406,-0.0021050778800069535,0.03316442947625927,0
46.2978346267147,2.0317385346812395,4.653728141633562,1.0067483186363195,1.0045013625686154,2.9711709657949297,0.9994396059076229,1.0250861237549405,1.0000847597796627,1.0006348692834586,1.015470050938559,0.02904011831339094,1.1510866154567132,0.9429550203789463,1.1137313924291312,0.9544506164912171,-0.00026431688575544805,-0.0017124574904130985,0.004774230649178555,0.0012292433014406544,0.016015510403094728,0
47.165215901138865,1.0346075293680812,1.1266407604382054,0.09269601011268742,0.12186402683451998,0.08349845325794972,0.9982714947028011,1.0062693731031336,0.9999364827358554,1.000218302164186,2.010534639958377,0.0363747258667075,0.00610765518379174,-0.006520705357522758,0.007482809574106709,0.004228586657576822,-7.166299033764902e-05,-0.0016696149191818485,0.004030117690180042,0.0018685617530920927,0.006464848120655312,0
26.430492013303652,2.0022818073958515,2.0623333339666097,0.9999925308274485,0.1522926959467486,2.9890810531207275,1.0001989733064065,0.021700391155779392,1.0002567636391355,1.0006685404588027,0.13551500937811772,2.1164807101441925,0.010791025151394183,0.007925138906323025,0.0026616874511505755,0.0046579199374686105,0.0001196803533782668,-0.004363588533337571,0.009134555928524475,0.0006797201727675725,1.040589509118096,1
26.463257050879974,3.0414378321397875,2.1003530537694894,1.0066336081329017,0.11639345814311422,2.017101216073819,1.0000505369725012,0.03442923399838354,1.000172673423763,1.000538250054649,0.13700508091164357,0.9807659618010406,0.00843955551048692,-0.008473973390451752,0.007022009714108609,0.8904668449653975,0.0003215734420327424,0.001681826719956336,0.00864378762514672,0.0019658880301502662,0.020765704790272628,0
26.675848581162963,2.9864131525350692,1.0413516110101597,1.0042349211037078,1.0049552716962062,2.9986901927745424,1.000862333503308,1.0338724389904015,1.0000299653121467,1.0002668635286978,1.9901304412108398,0.9784404011624532,1.0877753882396994,0.8486729268775464,1.004232954346978,0.00330216624106178,0.0004167520214891613,-0.004328823449331816,0.9145265750219816,-0.0002123420401858713,0.0028171060044788073,1
47.454300704325064,1.0108318264185472,2.128646190911402,0.11351672387454458,0.1702063505164741,0.2800570974383739,0.9994213377832055,0.03296300743686524,1.0001727615184584,1.0000759186257662,0.008814281093486774,0.01976529931872668,0.007149137141056416,-0.0008958978142933578,1.0088864260340578,0.0043062902870919665,0.0002030066799461795,-0.006899194109703311,0.006617141242362779,-0.0010585782946114192,0.008252190814002167,0
26.74707508210683,2.029985578438495,1.051242070727812,1.002564550468407,1.0064287774732166,2.0293709803204867,1.0005034409517015,0.025507090529081282,1.0003843257394207,1.0004371708701905,3.4182171485430137,0.007037191588535236,1.0560691024149829,0.008925191598545532,0.00528046397165089,0.9800286742597877,0.00038783004976085064,0.00036932070893134925,0.006776923609562225,0.00138102682670484,0.9978279903893855,0
47.016428786799736,2.022448382710652,1.1296935968992683,0.11567301147424722,1.0057557777187576,2.9763113055447947,1.0012529821378666,1.0714480846816974,0.9998550914668872,1.0001928286128468,0.08972289423204013,0.04602029909298396,0.007865353375735382,0.0030213584384764128,0.012256998763438744,0.0035716838237335544,-0.00012044805590253601,0.004310413525361606,0.004988498782619085,-0.000593470152295077,0.008514408070884232,0
47.358406337280094,3.069388243086073,2.219395100404804,0.08476968865004673,0.16457244163303278,2.024881199971481,0.9993661376535343,1.0298399801612297,1.0002090203137879,1.000867728081302,2.0070704066610534,0.04638900547295281,0.009812909855507252,-0.01012936093017804,1.0242126009739612,0.0052397238147514884,-0.000191174038349364,-0.004298418258693532,0.009473464016312197,0.0016991475265932005,1.0345514443999142,1
47.26828091792699,3.023006744815201,4.842120863570785,0.13189667437111,0.17489134331039255,2.979890205033572,0.9988730443238432,1.078674604381636,1.0001385804941352,1.0002393975652797,3.1102331719660006,0.009424572816477995,-0.0010872405024021925,0.007547250198135886,0.012280512336271657,0.004239524606065639,0.0005010678187551207,-0.003979017468960334,0.0042710403881070355,0.0010927596935874292,1.0122630331875848,0
47.06725085194661,1.0281009033772681,1.089488920897919,1.0012635327210448,0.1373434066034145,1.989804882127897,1.0000060833516782,0.02643195871427751,0.9999801895176537,1.0002575302785761,3.125136199469786,1.0507828621578506,0.01240381877124234,0.0065000357107824185,0.006471308561036853,0.002529986628749824,0.000165819938956577,-0.002282984869235755,0.004436825193399954,0.0016668075285142853,-0.00403556544877092,0
26.973632658223096,3.0075387001355027,2.0031748757940893,0.11907920723805797,1.0039727256673245,2.9529622859446816,0.9986955054070387,0.024327766213026587,0.999603020918392,1.000244968495399,0.07362489795773122,0.026442022896095912,0.012713958258531425,-0.007883174853044744,1.1062766923218723,0.9468746008782718,0.0004102894838425043,-0.004554578106580951,0.0020586403741948726,0.00396627965709927,0.9864699880702166,0
26.243356801782518,2.0343250284916037,4.767726223872911,0.1032395377476407,0.13060466980429708,3.0152159072849867,0.9996962225515341,1.0534231890877144,0.9998784223991166,1.000601392288152,1.0799788171978222,0.01930426799087668,0.010077938389690455,-0.005137480560659408,1.039801035529855,0.003524020675728896,0.0007057421424369478,-0.002220237504598279,0.010384413772823776,-0.0026186663529498984,-0.006954470466634495,0
47.05692528959531,2.009781061983795,4.53434387703661,0.12550658160043643,0.10904454013633155,2.032767944258838,1.0017095673273853,-0.002576403251544563,0.9999775792513843,1.0008239000707952,3.3000029379200853,-0.004109130370518103,0.013600419440362053,1.069954504070403,0.005294267131252767,0.9399900071202268,4.9062749709267735e-05,-0.00042081905553221,0.007703257441423041,0.00020357794120193714,0.005871596785690689,1
46.965219938526126,2.008500369489048,1.1024443343458705,1.003169130108689,1.0065315399359993,2.002230363014072,1.001245997101421,1.0033558848653348,0.9999662366746308,1.000488437492701,2.0489653362686973,0.010891097846773425,0.0056286575829821404,-0.0038056409197767247,1.069125695256662,0.0036024320284143065,-0.00010606452646299223,0.0016119712871147441,0.009294864441647753,0.0021354835067221665,0.981374644716206,0
47.46791980235713,3.0191436730781285,5.102307590174188,1.0046920941276019,0.1545587808039708,2.9988062892676774,1.000915871632123,0.0342374777555208,0.999679298940779,1.0006402503602165,1.0314385832900448,0.014445844686711892,0.006394900011051527,0.003304173630158034,1.0191029363354034,0.002483315551624401,0.00027141914700808193,-0.0020224593321000743,0.00025596132982420947,0.0009531156561166343,1.0105884550938937,0
26.69206620978455,2.9832829430738026,4.934068345440119,1.001055247400689,0.15568555139967563,1.9398690731572823,1.0013298905535615,-0.00763934458996946,0.999756175278548,1.0002535032581747,0.09600545684946173,0.022025759559644413,1.2361216535537927,0.0010600984905156682,0.9591563984338233,0.004333406391743094,-2.4214577780606564e-05,0.0008591268853551856,0.007044351957098604,0.0019427657768156625,0.9867153463320667,0
26.544633524866338,2.00353288424518,2.074768088952341,1.002332412987565,1.0056882153827755,1.9819401293651036,1.0022868405466456,-0.0037517641546434568,1.0003548140015845,1.0007977972185305,3.3220406802047626,0.01492453728054571,0.008843229670815134,0.019283736456006242,0.0026547072700241264,0.0039146577980125425,0.00045241266498791935,-0.002615660544336457,0.006456513925559001,-0.00022232102169047192,1.0140575968768593,0
46.595790068842675,3.0247927949441973,1.0465135102770524,1.0010079981625346,0.16531968073350173,3.000720581877209,0.9986607330275615,1.0401776462319023,1.0002022209942094,1.0005399652026128,1.1146704838535209,0.009128325914453707,0.0008142268393342124,-0.010366018074162433,0.004696254279284505,0.0036617285632982084,0.00025057075303245766,0.001771395450302765,0.009731575745764493,-0.002922509748881062,0.026953065792953375,1
26.611330840867847,1.0082175595896234,1.100625001436384,0.1157044859426706,1.005138872742435,3.0144155648810655,0.9998413294990552,0.02198900257079793,1.0003459505303653,1.0004812121813724,1.0919497137165282,0.9678570655994987,0.010311386471351786,0.008915589745699807,1.113881651969335,0.004159734661379214,5.631228150336961e-05,-0.003277963029405692,0.010386040150998355,-0.0007586860960864523,-0.005810907984980387,0
26.268024975803236,2.000213418282482,1.0700733506666487,1.0046173102622986,1.0064092332536847,1.9849839575535895,1.001669459585146,0.03615036372492736,0.9995954132835195,1.0008032847523378,2.0314676593418692,0.018152329624890225,0.009863189874942892,-0.0020290999110660524,1.0385742050772429,0.9306961512798853,4.720947892742203e-05,0.0021191755385019818,0.005793565267489577,0.0002246260123202654,1.0094468578051117,0
47.025715294959376,1.0151910021009936,2.09038298004252,0.12408316553746417,0.1594778474865015,2.001144657027064,1.0014310095358097,1.0629785282718571,0.9995810371213242,1.0005225664928319,0.16701684619115037,0.04769951998725102,0.009285205956742381,1.0433571612858037,0.010917509481984566,0.94506291567549,6.024440496056451e-05,-0.0035469728086808972,0.009343519156736386,0.000682737823927033,1.010994271235877,1
46.70931988990772,3.0452586774155366,1.0713521598428906,0.11739982352324735,0.12966575370685102,1.9663801468246611,1.000320437270691,0.020135933520537188,1.0003877992129004,1.0005503994208367,0.08019968148164558,0.015430872962684593,0.005418052497641788,0.8789261676933139,0.008466003702848572,1.0744709503802605,8.920655456072597e-05,0.0060189167740349,0.007799166412575252,0.0010159889087402783,0.010758752968959274,1
46.97606286198774,2.031759905705047,4.8246685647271494,0.1359994733565718,1.0074747011928196,1.9662233111945202,1.0009432428314888,0.024300920071340677,1.0001823156223533,1.000538886596438,1.0841083561677116,2.076361617167415,0.001745492754486521,-0.0073098773915826545,0.0008860890880104484,0.006485748059859114,0.000259405766319688,0.002999832963894748,0.00871566227446846,-0.0016573534890874304,0.9883153725015573,0
